-- phpMyAdmin SQL Dump
-- version 5.0.1
-- https://www.phpmyadmin.net/
--
-- Host: 127.0.0.1
-- Generation Time: Aug 26, 2020 at 09:58 PM
-- Server version: 10.4.11-MariaDB
-- PHP Version: 7.4.3

SET SQL_MODE = "NO_AUTO_VALUE_ON_ZERO";
SET AUTOCOMMIT = 0;
START TRANSACTION;
SET time_zone = "+00:00";


/*!40101 SET @OLD_CHARACTER_SET_CLIENT=@@CHARACTER_SET_CLIENT */;
/*!40101 SET @OLD_CHARACTER_SET_RESULTS=@@CHARACTER_SET_RESULTS */;
/*!40101 SET @OLD_COLLATION_CONNECTION=@@COLLATION_CONNECTION */;
/*!40101 SET NAMES utf8mb4 */;

--
-- Database: `machine_a`
--

-- --------------------------------------------------------

--
-- Table structure for table `actual_sequence`
--

CREATE TABLE `actual_sequence` (
  `id` int(11) NOT NULL,
  `date` date NOT NULL,
  `time` time NOT NULL,
  `shift_id` int(11) NOT NULL,
  `part_no_id` int(11) NOT NULL,
  `qty_plan` varchar(20) NOT NULL,
  `end_time_plan` time NOT NULL,
  `start_time` datetime NOT NULL,
  `end_time` datetime NOT NULL,
  `actual_time` varchar(20) NOT NULL,
  `qty_total` varchar(20) NOT NULL,
  `gsph` varchar(20) NOT NULL,
  `total_dt` varchar(20) NOT NULL,
  `dies_change` varchar(20) NOT NULL,
  `dies_change_dt` varchar(20) NOT NULL,
  `no_production_dt` varchar(20) NOT NULL,
  `production_dt` varchar(20) NOT NULL
) ENGINE=InnoDB DEFAULT CHARSET=utf8mb4;

--
-- Dumping data for table `actual_sequence`
--

INSERT INTO `actual_sequence` (`id`, `date`, `time`, `shift_id`, `part_no_id`, `qty_plan`, `end_time_plan`, `start_time`, `end_time`, `actual_time`, `qty_total`, `gsph`, `total_dt`, `dies_change`, `dies_change_dt`, `no_production_dt`, `production_dt`) VALUES
(1, '2020-08-25', '23:47:04', 1, 2, '25', '00:00:00', '2020-08-25 23:47:04', '2020-08-25 00:17:16', '1812.0', '0.0', '0.0', '21.0', '0.0', '0.0', '172.0', '21.0'),
(2, '2020-08-25', '00:17:16', 1, 6, '20', '00:00:00', '2020-08-25 00:17:16', '2020-08-26 11:23:25', '126369.0', '0.0', '0.0', '0.0', '0.0', '0.0', '1.0', '0.0'),
(3, '2020-08-26', '11:23:25', 1, 1, '25', '12:00:00', '2020-08-26 11:23:25', '2020-08-26 17:55:55', '23550.0', '', '', '', '', '', '', ''),
(4, '2020-08-26', '17:55:55', 1, 1, '25', '19:00:00', '2020-08-26 17:55:55', '2020-08-26 19:16:11', '4816.0', '', '', '', '', '', '', ''),
(5, '2020-08-26', '19:16:11', 1, 2, '40', '20:00:00', '2020-08-26 19:16:11', '2020-08-26 19:42:08', '1557.0', '', '', '', '', '', '', ''),
(6, '2020-08-26', '19:42:08', 2, 9, '20', '22:00:00', '2020-08-26 19:42:08', '2020-08-26 20:46:02', '3834.0', '', '', '', '', '', '', ''),
(7, '2020-08-26', '20:46:02', 2, 13, '50', '21:00:00', '2020-08-26 20:46:02', '2020-08-26 22:59:23', '8001.0', '', '', '', '', '', '', ''),
(8, '2020-08-26', '22:59:23', 2, 2, '50', '23:30:00', '2020-08-26 22:59:23', '2020-08-26 01:44:28', '9905.0', '', '', '', '', '', '', ''),
(9, '2020-08-26', '01:44:28', 2, 2, '25', '02:00:00', '2020-08-26 01:44:28', '2020-08-26 02:19:40', '2112.0', '', '', '', '', '', '', ''),
(10, '2020-08-26', '02:19:40', 2, 4, '30', '03:00:00', '2020-08-26 02:19:40', '2020-08-26 03:15:51', '3371.0', '', '', '', '', '', '', ''),
(11, '2020-08-26', '03:15:51', 2, 8, '35', '04:00:00', '2020-08-26 03:15:51', '2020-08-26 03:23:26', '455.0', '', '', '', '', '', '', ''),
(12, '2020-08-26', '03:23:26', 2, 7, '20', '04:00:00', '2020-08-26 03:23:26', '2020-08-26 03:37:32', '846.0', '', '', '', '', '', '', ''),
(13, '2020-08-26', '03:37:32', 2, 9, '40', '04:00:00', '2020-08-26 03:37:32', '0000-00-00 00:00:00', '', '', '', '', '', '', '', '');

-- --------------------------------------------------------

--
-- Table structure for table `daily_availability`
--

CREATE TABLE `daily_availability` (
  `id` int(11) NOT NULL,
  `date` date NOT NULL,
  `time` time NOT NULL,
  `shift_id` int(11) NOT NULL,
  `part_no_id` int(11) NOT NULL,
  `current_avai` varchar(25) NOT NULL,
  `ave_current_avai` varchar(25) NOT NULL,
  `ave_daily_avai` varchar(25) NOT NULL
) ENGINE=InnoDB DEFAULT CHARSET=utf8mb4;

--
-- Dumping data for table `daily_availability`
--

INSERT INTO `daily_availability` (`id`, `date`, `time`, `shift_id`, `part_no_id`, `current_avai`, `ave_current_avai`, `ave_daily_avai`) VALUES
(1, '2020-08-25', '23:51:13', 1, 2, '70.4', '70.4', '70.40'),
(2, '2020-08-25', '00:43:53', 1, 6, '27.5', '27.5', '48.95'),
(3, '2020-08-26', '11:26:41', 1, 1, '100.0', '100.0', '100.0'),
(4, '2020-08-26', '18:40:11', 1, 1, '3.7', '51.85', '75.92'),
(5, '2020-08-26', '19:32:02', 1, 2, '10.5', '10.5', '54.12'),
(6, '2020-08-26', '19:57:28', 2, 9, '0.4', '0.4', '27.26'),
(7, '2020-08-26', '22:55:36', 2, 13, '2.8', '2.8', '1.60'),
(8, '2020-08-26', '23:07:47', 2, 2, '0.0', '0.0', '1.07'),
(9, '2020-08-26', '02:07:00', 2, 2, '0.0', '0.00', '0.80'),
(10, '2020-08-26', '02:33:47', 2, 4, '7.5', '7.5', '2.14'),
(11, '2020-08-26', '03:20:21', 2, 8, '0.0', '0.0', '1.78'),
(12, '2020-08-26', '03:29:42', 2, 7, '0.0', '0.0', '1.53'),
(13, '2020-08-26', '03:44:26', 2, 9, '0.0', '0.0', '1.34');

-- --------------------------------------------------------

--
-- Table structure for table `daily_gsph`
--

CREATE TABLE `daily_gsph` (
  `id` int(11) NOT NULL,
  `date` date NOT NULL,
  `time` time NOT NULL,
  `shift_id` int(20) NOT NULL,
  `part_no_id` int(10) NOT NULL,
  `current_gsph` varchar(10) NOT NULL,
  `ave_current_gsph` varchar(10) NOT NULL,
  `ave_daily_gsph` varchar(10) NOT NULL
) ENGINE=InnoDB DEFAULT CHARSET=utf8mb4;

--
-- Dumping data for table `daily_gsph`
--

INSERT INTO `daily_gsph` (`id`, `date`, `time`, `shift_id`, `part_no_id`, `current_gsph`, `ave_current_gsph`, `ave_daily_gsph`) VALUES
(1, '2020-08-25', '23:51:13', 1, 2, '0.0', '0.0', '0.00'),
(2, '2020-08-25', '00:43:53', 1, 6, '0.0', '0.0', '0.00'),
(3, '2020-08-26', '11:26:41', 1, 1, '0.0', '0.0', '0.0'),
(4, '2020-08-26', '18:40:11', 1, 1, '0.0', '0.00', '0.00'),
(5, '2020-08-26', '19:32:02', 1, 2, '0.0', '0.0', '0.00'),
(6, '2020-08-26', '19:57:28', 2, 9, '0.0', '0.0', '0.00'),
(7, '2020-08-26', '22:55:36', 2, 13, '0.0', '0.0', '0.00'),
(8, '2020-08-26', '23:07:47', 2, 2, '0.0', '0.0', '0.00'),
(9, '2020-08-26', '02:07:00', 2, 2, '0.0', '0.00', '0.00'),
(10, '2020-08-26', '02:33:47', 2, 4, '0.0', '0.0', '0.00'),
(11, '2020-08-26', '03:20:21', 2, 8, '0.0', '0.0', '0.00'),
(12, '2020-08-26', '03:29:42', 2, 7, '0.0', '0.0', '0.00'),
(13, '2020-08-26', '03:44:26', 2, 9, '0.0', '0.0', '0.00');

-- --------------------------------------------------------

--
-- Table structure for table `daily_oee`
--

CREATE TABLE `daily_oee` (
  `id` int(11) NOT NULL,
  `date` date NOT NULL,
  `time` time(6) NOT NULL,
  `shift_id` int(15) NOT NULL,
  `part_no_id` int(15) NOT NULL,
  `current_oee` varchar(25) NOT NULL,
  `ave_current_oee` varchar(25) NOT NULL,
  `ave_daily_oee` varchar(25) NOT NULL
) ENGINE=InnoDB DEFAULT CHARSET=utf8mb4;

--
-- Dumping data for table `daily_oee`
--

INSERT INTO `daily_oee` (`id`, `date`, `time`, `shift_id`, `part_no_id`, `current_oee`, `ave_current_oee`, `ave_daily_oee`) VALUES
(1, '2020-08-25', '23:51:13.000000', 1, 2, '0.0', '0.0', '0.00'),
(2, '2020-08-25', '00:43:53.000000', 1, 6, '0.0', '0.0', '0.00'),
(3, '2020-08-26', '11:26:41.000000', 1, 1, '0.0', '0.0', '0.0'),
(4, '2020-08-26', '18:40:11.000000', 1, 1, '0.0', '0.00', '0.00'),
(5, '2020-08-26', '19:32:02.000000', 1, 2, '0.0', '0.0', '0.00'),
(6, '2020-08-26', '19:57:28.000000', 2, 9, '0.0', '0.0', '0.00'),
(7, '2020-08-26', '22:55:36.000000', 2, 13, '0.0', '0.0', '0.00'),
(8, '2020-08-26', '23:07:47.000000', 2, 2, '0.0', '0.0', '0.00'),
(9, '2020-08-26', '02:07:00.000000', 2, 2, '0.0', '0.00', '0.00'),
(10, '2020-08-26', '02:33:47.000000', 2, 4, '0.0', '0.0', '0.00'),
(11, '2020-08-26', '03:20:21.000000', 2, 8, '0.0', '0.0', '0.00'),
(12, '2020-08-26', '03:29:42.000000', 2, 7, '0.0', '0.0', '0.00'),
(13, '2020-08-26', '03:44:26.000000', 2, 9, '0.0', '0.0', '0.00');

-- --------------------------------------------------------

--
-- Table structure for table `daily_plan_achievement`
--

CREATE TABLE `daily_plan_achievement` (
  `id` int(11) NOT NULL,
  `date` date NOT NULL,
  `time` time NOT NULL,
  `shift_id` int(11) NOT NULL,
  `part_no_id` int(11) NOT NULL,
  `current_achie` varchar(25) NOT NULL,
  `ave_current_achie` varchar(25) NOT NULL,
  `ave_daily_achie` varchar(25) NOT NULL
) ENGINE=InnoDB DEFAULT CHARSET=utf8mb4;

--
-- Dumping data for table `daily_plan_achievement`
--

INSERT INTO `daily_plan_achievement` (`id`, `date`, `time`, `shift_id`, `part_no_id`, `current_achie`, `ave_current_achie`, `ave_daily_achie`) VALUES
(1, '2020-08-25', '23:51:13', 1, 2, '0.0', '0.0', '0.00'),
(2, '2020-08-25', '00:43:53', 1, 6, '0.0', '0.0', '0.00'),
(3, '2020-08-26', '11:26:41', 1, 1, '0.0', '0.0', '0.0'),
(4, '2020-08-26', '18:40:11', 1, 1, '0.0', '0.00', '0.00'),
(5, '2020-08-26', '19:32:02', 1, 2, '0.0', '0.0', '0.00'),
(6, '2020-08-26', '19:57:28', 2, 9, '0.0', '0.0', '0.00'),
(7, '2020-08-26', '22:55:36', 2, 13, '0.0', '0.0', '0.00'),
(8, '2020-08-26', '23:07:47', 2, 2, '0.0', '0.0', '0.00'),
(9, '2020-08-26', '02:07:00', 2, 2, '0.0', '0.00', '0.00'),
(10, '2020-08-26', '02:33:47', 2, 4, '0.0', '0.0', '0.00'),
(11, '2020-08-26', '03:20:21', 2, 8, '0.0', '0.0', '0.00'),
(12, '2020-08-26', '03:29:42', 2, 7, '0.0', '0.0', '0.00'),
(13, '2020-08-26', '03:44:26', 2, 9, '0.0', '0.0', '0.00');

-- --------------------------------------------------------

--
-- Table structure for table `daily_speed`
--

CREATE TABLE `daily_speed` (
  `id` int(11) NOT NULL,
  `date` date NOT NULL,
  `time` time NOT NULL,
  `shift_id` int(11) NOT NULL,
  `part_no_id` int(11) NOT NULL,
  `current_speed` varchar(25) NOT NULL,
  `ave_current_speed` varchar(25) NOT NULL,
  `ave_daily_speed` varchar(25) NOT NULL
) ENGINE=InnoDB DEFAULT CHARSET=utf8mb4;

--
-- Dumping data for table `daily_speed`
--

INSERT INTO `daily_speed` (`id`, `date`, `time`, `shift_id`, `part_no_id`, `current_speed`, `ave_current_speed`, `ave_daily_speed`) VALUES
(1, '2020-08-25', '23:51:13', 1, 2, '0.0', '0.0', '0.00'),
(2, '2020-08-25', '00:43:53', 1, 6, '0.0', '0.0', '0.00'),
(3, '2020-08-26', '11:26:41', 1, 1, '0.0', '0.0', '0.0'),
(4, '2020-08-26', '18:40:11', 1, 1, '0.0', '0.00', '0.00'),
(5, '2020-08-26', '19:32:02', 1, 2, '0.0', '0.0', '0.00'),
(6, '2020-08-26', '19:57:28', 2, 9, '0.0', '0.0', '0.00'),
(7, '2020-08-26', '22:55:36', 2, 13, '0.0', '0.0', '0.00'),
(8, '2020-08-26', '23:07:47', 2, 2, '0.0', '0.0', '0.00'),
(9, '2020-08-26', '02:07:00', 2, 2, '0.0', '0.00', '0.00'),
(10, '2020-08-26', '02:33:47', 2, 4, '0.0', '0.0', '0.00'),
(11, '2020-08-26', '03:20:21', 2, 8, '0.0', '0.0', '0.00'),
(12, '2020-08-26', '03:29:42', 2, 7, '0.0', '0.0', '0.00'),
(13, '2020-08-26', '03:44:26', 2, 9, '0.0', '0.0', '0.00');

-- --------------------------------------------------------

--
-- Table structure for table `daily_utilization`
--

CREATE TABLE `daily_utilization` (
  `id` int(11) NOT NULL,
  `date` date NOT NULL,
  `time` time NOT NULL,
  `shift_id` int(11) NOT NULL,
  `part_no_id` int(11) NOT NULL,
  `current_uti` varchar(15) NOT NULL,
  `ave_current_uti` varchar(15) NOT NULL,
  `ave_daily_uti` varchar(15) NOT NULL
) ENGINE=InnoDB DEFAULT CHARSET=utf8mb4;

--
-- Dumping data for table `daily_utilization`
--

INSERT INTO `daily_utilization` (`id`, `date`, `time`, `shift_id`, `part_no_id`, `current_uti`, `ave_current_uti`, `ave_daily_uti`) VALUES
(1, '2020-08-25', '23:51:13', 1, 2, '0.1', '0.1', '0.10'),
(2, '2020-08-25', '00:43:53', 1, 6, '0.4', '0.4', '0.25'),
(3, '2020-08-26', '11:26:41', 1, 1, '0.2', '0.2', '0.2'),
(4, '2020-08-26', '18:40:11', 1, 1, '1.5', '0.85', '0.53'),
(5, '2020-08-26', '19:32:02', 1, 2, '0.6', '0.6', '0.55'),
(6, '2020-08-26', '19:57:28', 2, 9, '0.3', '0.3', '0.42'),
(7, '2020-08-26', '22:55:36', 2, 13, '3.7', '3.7', '2.00'),
(8, '2020-08-26', '23:07:47', 2, 2, '0.0', '0.0', '1.33'),
(9, '2020-08-26', '02:07:00', 2, 2, '0.0', '0.00', '1.00'),
(10, '2020-08-26', '02:33:47', 2, 4, '0.7', '0.7', '0.94'),
(11, '2020-08-26', '03:20:21', 2, 8, '0.0', '0.0', '0.78'),
(12, '2020-08-26', '03:29:42', 2, 7, '0.0', '0.0', '0.67'),
(13, '2020-08-26', '03:44:26', 2, 9, '0.0', '0.0', '0.59');

-- --------------------------------------------------------

--
-- Table structure for table `daily_yield`
--

CREATE TABLE `daily_yield` (
  `id` int(11) NOT NULL,
  `date` date NOT NULL,
  `time` time NOT NULL,
  `shift_id` int(11) NOT NULL,
  `part_no_id` int(11) NOT NULL,
  `current_yield` varchar(25) NOT NULL,
  `ave_current_yield` varchar(25) NOT NULL,
  `ave_daily_yield` varchar(25) NOT NULL
) ENGINE=InnoDB DEFAULT CHARSET=utf8mb4;

--
-- Dumping data for table `daily_yield`
--

INSERT INTO `daily_yield` (`id`, `date`, `time`, `shift_id`, `part_no_id`, `current_yield`, `ave_current_yield`, `ave_daily_yield`) VALUES
(1, '2020-08-25', '23:51:13', 1, 2, '0.0', '0.0', '0.00'),
(2, '2020-08-25', '00:43:53', 1, 6, '0.0', '0.0', '0.00'),
(3, '2020-08-26', '11:26:41', 1, 1, '0.0', '0.0', '0.0'),
(4, '2020-08-26', '18:40:11', 1, 1, '0.0', '0.00', '0.00'),
(5, '2020-08-26', '19:32:02', 1, 2, '0.0', '0.0', '0.00'),
(6, '2020-08-26', '19:57:28', 2, 9, '0.0', '0.0', '0.00'),
(7, '2020-08-26', '22:55:36', 2, 13, '0.0', '0.0', '0.00'),
(8, '2020-08-26', '23:07:47', 2, 2, '0.0', '0.0', '0.00'),
(9, '2020-08-26', '02:07:00', 2, 2, '0.0', '0.00', '0.00'),
(10, '2020-08-26', '02:33:47', 2, 4, '0.0', '0.0', '0.00'),
(11, '2020-08-26', '03:20:21', 2, 8, '0.0', '0.0', '0.00'),
(12, '2020-08-26', '03:29:42', 2, 7, '0.0', '0.0', '0.00'),
(13, '2020-08-26', '03:44:26', 2, 9, '0.0', '0.0', '0.00');

-- --------------------------------------------------------

--
-- Table structure for table `downtime_report`
--

CREATE TABLE `downtime_report` (
  `id` int(11) NOT NULL,
  `date` date NOT NULL,
  `part_no_id` int(7) NOT NULL,
  `shift_id` int(7) NOT NULL,
  `time` time NOT NULL,
  `downtime_period` varchar(20) NOT NULL,
  `problem_dies_change` int(11) DEFAULT NULL,
  `problem_die` int(11) DEFAULT NULL,
  `problem_machine` int(11) DEFAULT NULL,
  `problem_material` int(11) DEFAULT NULL,
  `problem_production` int(11) DEFAULT NULL,
  `problem_qc` int(11) DEFAULT NULL,
  `pic_id` int(7) NOT NULL
) ENGINE=InnoDB DEFAULT CHARSET=utf8mb4;

--
-- Dumping data for table `downtime_report`
--

INSERT INTO `downtime_report` (`id`, `date`, `part_no_id`, `shift_id`, `time`, `downtime_period`, `problem_dies_change`, `problem_die`, `problem_machine`, `problem_material`, `problem_production`, `problem_qc`, `pic_id`) VALUES
(1, '2020-08-25', 2, 1, '23:50:52', '00:00:22', NULL, NULL, NULL, NULL, 3, NULL, 3),
(2, '2020-08-26', 1, 1, '17:57:19', '00:00:13', NULL, NULL, NULL, NULL, 1, NULL, 3),
(3, '2020-08-26', 1, 1, '17:57:34', '00:01:30', NULL, NULL, 2, NULL, NULL, NULL, 1),
(4, '2020-08-26', 1, 1, '17:59:46', '00:00:55', NULL, NULL, NULL, NULL, 5, NULL, 3),
(5, '2020-08-26', 1, 1, '18:00:43', '00:00:34', NULL, 7, NULL, NULL, NULL, NULL, 2),
(6, '2020-08-26', 1, 1, '18:01:32', '00:00:10', NULL, NULL, NULL, NULL, 19, NULL, 3),
(7, '2020-08-26', 1, 1, '18:01:43', '00:00:04', NULL, NULL, NULL, NULL, NULL, 2, 6),
(8, '2020-08-26', 1, 1, '18:02:30', '00:00:10', NULL, NULL, NULL, NULL, 5, NULL, 3),
(9, '2020-08-26', 1, 1, '18:02:41', '00:00:13', NULL, NULL, NULL, 3, NULL, NULL, 5),
(10, '2020-08-26', 1, 1, '18:03:02', '00:00:50', NULL, NULL, NULL, NULL, 4, NULL, 3),
(11, '2020-08-26', 1, 1, '18:13:35', '00:00:23', NULL, NULL, NULL, NULL, 2, NULL, 3),
(12, '2020-08-26', 1, 1, '18:13:59', '00:00:29', NULL, NULL, 3, NULL, NULL, NULL, 1),
(13, '2020-08-26', 1, 1, '18:28:01', '00:13:31', NULL, NULL, NULL, NULL, 3, NULL, 3),
(14, '2020-08-26', 1, 1, '18:28:44', '00:01:58', NULL, NULL, 2, NULL, NULL, NULL, 1),
(15, '2020-08-26', 1, 1, '18:31:25', '00:00:14', NULL, NULL, NULL, NULL, 7, NULL, 3),
(16, '2020-08-26', 2, 1, '19:19:31', '00:00:33', NULL, NULL, NULL, NULL, 1, NULL, 3),
(17, '2020-08-26', 2, 1, '19:20:05', '00:01:28', NULL, NULL, 2, NULL, NULL, NULL, 1),
(18, '2020-08-26', 2, 1, '19:21:38', '00:00:43', NULL, NULL, NULL, NULL, 7, NULL, 3),
(19, '2020-08-26', 2, 1, '19:22:23', '00:03:34', NULL, 2, NULL, NULL, NULL, NULL, 2),
(20, '2020-08-26', 2, 1, '19:26:04', '00:00:19', NULL, NULL, NULL, NULL, 8, NULL, 3),
(21, '2020-08-26', 2, 1, '19:26:27', '00:00:14', NULL, 3, NULL, NULL, NULL, NULL, 2),
(22, '2020-08-26', 2, 1, '19:26:43', '00:00:12', NULL, NULL, NULL, NULL, 5, NULL, 3),
(23, '2020-08-26', 2, 1, '19:26:56', '00:00:08', NULL, NULL, NULL, NULL, NULL, 2, 6),
(24, '2020-08-26', 2, 1, '19:27:05', '00:00:07', NULL, NULL, NULL, NULL, 10, NULL, 3),
(25, '2020-08-26', 2, 1, '19:27:13', '00:00:13', NULL, NULL, NULL, 6, NULL, NULL, 5),
(26, '2020-08-26', 2, 1, '19:27:29', '00:00:09', NULL, NULL, NULL, NULL, 7, NULL, 3),
(27, '2020-08-26', 9, 2, '19:52:03', '00:04:44', NULL, NULL, NULL, NULL, 3, NULL, 3),
(28, '2020-08-26', 13, 2, '20:46:39', '00:00:19', NULL, NULL, NULL, NULL, 3, NULL, 3),
(29, '2020-08-26', 13, 2, '20:46:57', '00:00:10', NULL, NULL, 6, NULL, NULL, NULL, 1),
(30, '2020-08-26', 13, 2, '20:47:09', '00:00:17', NULL, NULL, NULL, NULL, 7, NULL, 3),
(31, '2020-08-26', 13, 2, '20:47:28', '00:00:08', NULL, 3, NULL, NULL, NULL, NULL, 2),
(32, '2020-08-26', 13, 2, '20:47:39', '00:11:24', NULL, NULL, NULL, NULL, 9, NULL, 3),
(33, '2020-08-26', 13, 2, '20:59:25', '00:00:43', NULL, NULL, NULL, NULL, NULL, 2, 6),
(34, '2020-08-26', 13, 2, '21:00:13', '00:00:09', NULL, NULL, NULL, NULL, 5, NULL, 3),
(35, '2020-08-26', 13, 2, '22:13:42', '00:00:07', NULL, NULL, NULL, NULL, 3, NULL, 3),
(36, '2020-08-26', 13, 2, '22:13:49', '00:01:28', NULL, NULL, 2, NULL, NULL, NULL, 1),
(37, '2020-08-26', 13, 2, '22:15:23', '00:00:13', NULL, NULL, NULL, NULL, 3, NULL, 3),
(38, '2020-08-26', 13, 2, '22:15:39', '00:00:09', NULL, NULL, 4, NULL, NULL, NULL, 1),
(39, '2020-08-26', 13, 2, '22:22:58', '00:01:08', NULL, NULL, 2, NULL, NULL, NULL, 1),
(40, '2020-08-26', 13, 2, '22:15:49', '00:06:56', NULL, NULL, NULL, NULL, 5, NULL, 3),
(41, '2020-08-26', 13, 2, '22:24:11', '00:00:16', NULL, NULL, NULL, NULL, 3, NULL, 3),
(42, '2020-08-26', 13, 2, '22:24:28', '00:02:19', NULL, NULL, 2, NULL, NULL, NULL, 1),
(43, '2020-08-26', 13, 2, '22:26:55', '00:01:29', NULL, NULL, NULL, NULL, 28, NULL, 3),
(44, '2020-08-26', 13, 2, '22:28:28', '00:01:06', NULL, NULL, NULL, 3, NULL, NULL, 5),
(45, '2020-08-26', 13, 2, '22:29:38', '00:01:30', NULL, NULL, NULL, NULL, 6, NULL, 3),
(46, '2020-08-26', 13, 2, '22:32:46', '00:22:00', NULL, NULL, NULL, NULL, 4, NULL, 3),
(47, '2020-08-26', 4, 2, '02:21:57', '00:02:01', NULL, NULL, NULL, NULL, 7, NULL, 3),
(48, '2020-08-26', 4, 2, '02:24:02', '00:07:31', NULL, 2, NULL, NULL, NULL, NULL, 2),
(49, '2020-08-26', 4, 2, '02:31:55', '00:00:10', NULL, NULL, NULL, NULL, 4, NULL, 3);

-- --------------------------------------------------------

--
-- Table structure for table `fp_average`
--

CREATE TABLE `fp_average` (
  `id` int(11) NOT NULL,
  `date` date NOT NULL
) ENGINE=InnoDB DEFAULT CHARSET=utf8mb4;

--
-- Dumping data for table `fp_average`
--

INSERT INTO `fp_average` (`id`, `date`) VALUES
(1, '2020-08-25'),
(2, '2020-08-26');

-- --------------------------------------------------------

--
-- Table structure for table `fp_dt_daily`
--

CREATE TABLE `fp_dt_daily` (
  `id` int(11) NOT NULL,
  `date` date NOT NULL
) ENGINE=InnoDB DEFAULT CHARSET=utf8mb4;

--
-- Dumping data for table `fp_dt_daily`
--

INSERT INTO `fp_dt_daily` (`id`, `date`) VALUES
(1, '2020-06-05');

-- --------------------------------------------------------

--
-- Table structure for table `fp_real_time`
--

CREATE TABLE `fp_real_time` (
  `id` int(11) NOT NULL,
  `date` date NOT NULL,
  `part_no_id` int(11) NOT NULL,
  `shift_id` int(11) NOT NULL,
  `max_speed` varchar(25) NOT NULL,
  `actual_speed` varchar(25) NOT NULL,
  `speed_loss` varchar(25) NOT NULL,
  `operation_state` varchar(25) NOT NULL,
  `downtime_state` varchar(25) NOT NULL
) ENGINE=InnoDB DEFAULT CHARSET=utf8mb4;

--
-- Dumping data for table `fp_real_time`
--

INSERT INTO `fp_real_time` (`id`, `date`, `part_no_id`, `shift_id`, `max_speed`, `actual_speed`, `speed_loss`, `operation_state`, `downtime_state`) VALUES
(0, '2020-08-26', 9, 2, '0.0', '0.0', '0.0', '1.0', '-1.0');

-- --------------------------------------------------------

--
-- Table structure for table `fp_setting`
--

CREATE TABLE `fp_setting` (
  `id` int(11) NOT NULL,
  `date` date NOT NULL,
  `part_no_id` int(25) NOT NULL,
  `shift_id` int(11) NOT NULL
) ENGINE=InnoDB DEFAULT CHARSET=utf8mb4;

--
-- Dumping data for table `fp_setting`
--

INSERT INTO `fp_setting` (`id`, `date`, `part_no_id`, `shift_id`) VALUES
(1, '2020-08-26', 9, 2);

-- --------------------------------------------------------

--
-- Table structure for table `machine_info`
--

CREATE TABLE `machine_info` (
  `id` int(11) NOT NULL,
  `organization` varchar(255) NOT NULL,
  `factory` varchar(255) NOT NULL,
  `area` varchar(255) NOT NULL,
  `machine_name` varchar(255) NOT NULL,
  `machine_id` varchar(255) NOT NULL
) ENGINE=InnoDB DEFAULT CHARSET=utf8mb4;

-- --------------------------------------------------------

--
-- Table structure for table `performance`
--

CREATE TABLE `performance` (
  `id` int(11) NOT NULL,
  `date` date NOT NULL,
  `time` time NOT NULL,
  `shift_id` int(11) NOT NULL,
  `part_no_id` int(11) NOT NULL,
  `availability` varchar(25) NOT NULL,
  `speed` varchar(25) NOT NULL,
  `yield` varchar(25) NOT NULL,
  `gsph` varchar(25) NOT NULL,
  `achievement` varchar(25) NOT NULL,
  `oee` varchar(25) NOT NULL,
  `utilization` varchar(25) NOT NULL
) ENGINE=InnoDB DEFAULT CHARSET=utf8mb4;

--
-- Dumping data for table `performance`
--

INSERT INTO `performance` (`id`, `date`, `time`, `shift_id`, `part_no_id`, `availability`, `speed`, `yield`, `gsph`, `achievement`, `oee`, `utilization`) VALUES
(237, '2020-08-25', '23:51:13', 1, 2, '70.4', '0.0', '0.0', '0.0', '0.0', '0.0', '0.1'),
(238, '2020-08-25', '00:43:53', 1, 6, '27.5', '0.0', '0.0', '0.0', '0.0', '0.0', '0.4'),
(239, '2020-08-26', '11:26:41', 1, 1, '100.0', '0.0', '0.0', '0.0', '0.0', '0.0', '0.2'),
(240, '2020-08-26', '18:40:11', 1, 1, '3.7', '0.0', '0.0', '0.0', '0.0', '0.0', '1.5'),
(241, '2020-08-26', '19:32:02', 1, 2, '10.5', '0.0', '0.0', '0.0', '0.0', '0.0', '0.6'),
(242, '2020-08-26', '19:57:28', 2, 9, '0.4', '0.0', '0.0', '0.0', '0.0', '0.0', '0.3'),
(243, '2020-08-26', '22:55:36', 2, 13, '2.8', '0.0', '0.0', '0.0', '0.0', '0.0', '3.7'),
(244, '2020-08-26', '23:07:47', 2, 2, '0.0', '0.0', '0.0', '0.0', '0.0', '0.0', '0.0'),
(245, '2020-08-26', '02:07:00', 2, 2, '0.0', '0.0', '0.0', '0.0', '0.0', '0.0', '0.0'),
(246, '2020-08-26', '02:33:47', 2, 4, '7.5', '0.0', '0.0', '0.0', '0.0', '0.0', '0.7'),
(247, '2020-08-26', '03:20:21', 2, 8, '0.0', '0.0', '0.0', '0.0', '0.0', '0.0', '0.0'),
(248, '2020-08-26', '03:29:42', 2, 7, '0.0', '0.0', '0.0', '0.0', '0.0', '0.0', '0.0'),
(249, '2020-08-26', '03:44:35', 2, 9, '0.0', '0.0', '0.0', '0.0', '0.0', '0.0', '0.0');

-- --------------------------------------------------------

--
-- Table structure for table `realtime_average`
--

CREATE TABLE `realtime_average` (
  `id` int(11) NOT NULL,
  `date` date NOT NULL,
  `shift_id` int(11) NOT NULL,
  `availability` varchar(25) NOT NULL,
  `speed` varchar(25) NOT NULL,
  `yield` varchar(25) NOT NULL,
  `gsph` varchar(25) NOT NULL,
  `achievement` varchar(25) NOT NULL,
  `oee` varchar(25) NOT NULL,
  `utilization` varchar(25) NOT NULL
) ENGINE=InnoDB DEFAULT CHARSET=utf8mb4;

--
-- Dumping data for table `realtime_average`
--

INSERT INTO `realtime_average` (`id`, `date`, `shift_id`, `availability`, `speed`, `yield`, `gsph`, `achievement`, `oee`, `utilization`) VALUES
(1, '2020-08-25', 1, '0.00', '0.00', '0.00', '0.00', '0.00', '0.00', '0.00'),
(2, '2020-08-25', 1, '0.00', '0.00', '0.00', '0.00', '0.00', '0.00', '0.00'),
(3, '2020-08-25', 1, '0.00', '0.00', '0.00', '0.00', '0.00', '0.00', '0.00'),
(4, '2020-08-25', 1, '0.00', '0.00', '0.00', '0.00', '0.00', '0.00', '0.00'),
(5, '2020-08-25', 1, '0.00', '0.00', '0.00', '0.00', '0.00', '0.00', '0.00'),
(6, '2020-08-25', 1, '0.00', '0.00', '0.00', '0.00', '0.00', '0.00', '0.00'),
(7, '2020-08-25', 1, '0.00', '0.00', '0.00', '0.00', '0.00', '0.00', '0.00'),
(8, '2020-08-25', 1, '100.00', '0.00', '0.00', '0.00', '0.00', '0.00', '0.00'),
(9, '2020-08-25', 1, '100.00', '0.00', '0.00', '0.00', '0.00', '0.00', '0.00'),
(10, '2020-08-25', 1, '100.00', '0.00', '0.00', '0.00', '0.00', '0.00', '0.10'),
(11, '2020-08-25', 1, '72.50', '0.00', '0.00', '0.00', '0.00', '0.00', '0.10'),
(12, '2020-08-25', 1, '35.20', '0.00', '0.00', '0.00', '0.00', '0.00', '0.05'),
(13, '2020-08-25', 1, '35.20', '0.00', '0.00', '0.00', '0.00', '0.00', '0.05'),
(14, '2020-08-25', 1, '35.20', '0.00', '0.00', '0.00', '0.00', '0.00', '0.05'),
(15, '2020-08-25', 1, '35.20', '0.00', '0.00', '0.00', '0.00', '0.00', '0.05'),
(16, '2020-08-25', 1, '35.20', '0.00', '0.00', '0.00', '0.00', '0.00', '0.05'),
(17, '2020-08-25', 1, '35.20', '0.00', '0.00', '0.00', '0.00', '0.00', '0.05'),
(18, '2020-08-25', 1, '35.20', '0.00', '0.00', '0.00', '0.00', '0.00', '0.05'),
(19, '2020-08-25', 1, '35.20', '0.00', '0.00', '0.00', '0.00', '0.00', '0.05'),
(20, '2020-08-25', 1, '35.20', '0.00', '0.00', '0.00', '0.00', '0.00', '0.05'),
(21, '2020-08-25', 1, '35.20', '0.00', '0.00', '0.00', '0.00', '0.00', '0.05'),
(22, '2020-08-25', 1, '35.20', '0.00', '0.00', '0.00', '0.00', '0.00', '0.05'),
(23, '2020-08-25', 1, '35.20', '0.00', '0.00', '0.00', '0.00', '0.00', '0.05'),
(24, '2020-08-25', 1, '35.20', '0.00', '0.00', '0.00', '0.00', '0.00', '0.05'),
(25, '2020-08-25', 1, '35.20', '0.00', '0.00', '0.00', '0.00', '0.00', '0.05'),
(26, '2020-08-25', 1, '35.20', '0.00', '0.00', '0.00', '0.00', '0.00', '0.05'),
(27, '2020-08-25', 1, '35.20', '0.00', '0.00', '0.00', '0.00', '0.00', '0.05'),
(28, '2020-08-25', 1, '35.20', '0.00', '0.00', '0.00', '0.00', '0.00', '0.05'),
(29, '2020-08-25', 1, '35.20', '0.00', '0.00', '0.00', '0.00', '0.00', '0.05'),
(30, '2020-08-25', 1, '35.20', '0.00', '0.00', '0.00', '0.00', '0.00', '0.05'),
(31, '2020-08-25', 1, '35.20', '0.00', '0.00', '0.00', '0.00', '0.00', '0.05'),
(32, '2020-08-25', 1, '35.20', '0.00', '0.00', '0.00', '0.00', '0.00', '0.05'),
(33, '2020-08-25', 1, '35.20', '0.00', '0.00', '0.00', '0.00', '0.00', '0.05'),
(34, '2020-08-25', 1, '35.20', '0.00', '0.00', '0.00', '0.00', '0.00', '0.05'),
(35, '2020-08-25', 1, '35.20', '0.00', '0.00', '0.00', '0.00', '0.00', '0.05'),
(36, '2020-08-25', 1, '35.20', '0.00', '0.00', '0.00', '0.00', '0.00', '0.05'),
(37, '2020-08-25', 1, '35.20', '0.00', '0.00', '0.00', '0.00', '0.00', '0.05'),
(38, '2020-08-25', 1, '35.20', '0.00', '0.00', '0.00', '0.00', '0.00', '0.05'),
(39, '2020-08-25', 1, '35.20', '0.00', '0.00', '0.00', '0.00', '0.00', '0.05'),
(40, '2020-08-25', 1, '35.20', '0.00', '0.00', '0.00', '0.00', '0.00', '0.05'),
(41, '2020-08-25', 1, '35.20', '0.00', '0.00', '0.00', '0.00', '0.00', '0.05'),
(42, '2020-08-25', 1, '35.20', '0.00', '0.00', '0.00', '0.00', '0.00', '0.05'),
(43, '2020-08-25', 1, '35.20', '0.00', '0.00', '0.00', '0.00', '0.00', '0.05'),
(44, '2020-08-25', 1, '35.20', '0.00', '0.00', '0.00', '0.00', '0.00', '0.05'),
(45, '2020-08-25', 1, '35.20', '0.00', '0.00', '0.00', '0.00', '0.00', '0.05'),
(46, '2020-08-25', 1, '35.20', '0.00', '0.00', '0.00', '0.00', '0.00', '0.05'),
(47, '2020-08-25', 1, '35.20', '0.00', '0.00', '0.00', '0.00', '0.00', '0.05'),
(48, '2020-08-25', 1, '35.20', '0.00', '0.00', '0.00', '0.00', '0.00', '0.05'),
(49, '2020-08-25', 1, '35.20', '0.00', '0.00', '0.00', '0.00', '0.00', '0.05'),
(50, '2020-08-25', 1, '35.20', '0.00', '0.00', '0.00', '0.00', '0.00', '0.05'),
(51, '2020-08-25', 1, '35.20', '0.00', '0.00', '0.00', '0.00', '0.00', '0.05'),
(52, '2020-08-25', 1, '35.20', '0.00', '0.00', '0.00', '0.00', '0.00', '0.05'),
(53, '2020-08-25', 1, '35.20', '0.00', '0.00', '0.00', '0.00', '0.00', '0.05'),
(54, '2020-08-25', 1, '35.20', '0.00', '0.00', '0.00', '0.00', '0.00', '0.05'),
(55, '2020-08-25', 1, '35.20', '0.00', '0.00', '0.00', '0.00', '0.00', '0.05'),
(56, '2020-08-25', 1, '35.20', '0.00', '0.00', '0.00', '0.00', '0.00', '0.05'),
(57, '2020-08-25', 1, '35.20', '0.00', '0.00', '0.00', '0.00', '0.00', '0.05'),
(58, '2020-08-25', 1, '35.20', '0.00', '0.00', '0.00', '0.00', '0.00', '0.05'),
(59, '2020-08-25', 1, '35.20', '0.00', '0.00', '0.00', '0.00', '0.00', '0.05'),
(60, '2020-08-25', 1, '35.20', '0.00', '0.00', '0.00', '0.00', '0.00', '0.05'),
(61, '2020-08-25', 1, '35.20', '0.00', '0.00', '0.00', '0.00', '0.00', '0.05'),
(62, '2020-08-25', 1, '85.20', '0.00', '0.00', '0.00', '0.00', '0.00', '0.05'),
(63, '2020-08-25', 1, '85.20', '0.00', '0.00', '0.00', '0.00', '0.00', '0.05'),
(64, '2020-08-25', 1, '85.20', '0.00', '0.00', '0.00', '0.00', '0.00', '0.10'),
(65, '2020-08-25', 1, '85.20', '0.00', '0.00', '0.00', '0.00', '0.00', '0.10'),
(66, '2020-08-25', 1, '83.30', '0.00', '0.00', '0.00', '0.00', '0.00', '0.10'),
(67, '2020-08-25', 1, '74.95', '0.00', '0.00', '0.00', '0.00', '0.00', '0.10'),
(68, '2020-08-25', 1, '69.10', '0.00', '0.00', '0.00', '0.00', '0.00', '0.15'),
(69, '2020-08-25', 1, '64.75', '0.00', '0.00', '0.00', '0.00', '0.00', '0.15'),
(70, '2020-08-25', 1, '61.35', '0.00', '0.00', '0.00', '0.00', '0.00', '0.15'),
(71, '2020-08-25', 1, '58.70', '0.00', '0.00', '0.00', '0.00', '0.00', '0.15'),
(72, '2020-08-25', 1, '56.50', '0.00', '0.00', '0.00', '0.00', '0.00', '0.20'),
(73, '2020-08-25', 1, '54.70', '0.00', '0.00', '0.00', '0.00', '0.00', '0.20'),
(74, '2020-08-25', 1, '53.15', '0.00', '0.00', '0.00', '0.00', '0.00', '0.20'),
(75, '2020-08-25', 1, '51.85', '0.00', '0.00', '0.00', '0.00', '0.00', '0.25'),
(76, '2020-08-25', 1, '50.75', '0.00', '0.00', '0.00', '0.00', '0.00', '0.25'),
(77, '2020-08-25', 1, '49.75', '0.00', '0.00', '0.00', '0.00', '0.00', '0.25'),
(78, '2020-08-26', 1, '100.0', '0.0', '0.0', '0.0', '0.0', '0.0', '0.0'),
(79, '2020-08-26', 1, '100.0', '0.0', '0.0', '0.0', '0.0', '0.0', '0.0'),
(80, '2020-08-26', 1, '100.0', '0.0', '0.0', '0.0', '0.0', '0.0', '0.1'),
(81, '2020-08-26', 1, '100.0', '0.0', '0.0', '0.0', '0.0', '0.0', '0.1'),
(82, '2020-08-26', 1, '100.0', '0.0', '0.0', '0.0', '0.0', '0.0', '0.1'),
(83, '2020-08-26', 1, '100.0', '0.0', '0.0', '0.0', '0.0', '0.0', '0.1'),
(84, '2020-08-26', 1, '100.0', '0.0', '0.0', '0.0', '0.0', '0.0', '0.2'),
(85, '2020-08-26', 1, '100.0', '0.0', '0.0', '0.0', '0.0', '0.0', '0.2'),
(86, '2020-08-26', 1, '100.0', '0.0', '0.0', '0.0', '0.0', '0.0', '0.2'),
(87, '2020-08-26', 1, '75.00', '0.00', '0.00', '0.00', '0.00', '0.00', '0.15'),
(88, '2020-08-26', 1, '100.00', '0.00', '0.00', '0.00', '0.00', '0.00', '0.15'),
(89, '2020-08-26', 1, '100.00', '0.00', '0.00', '0.00', '0.00', '0.00', '0.15'),
(90, '2020-08-26', 1, '97.67', '0.00', '0.00', '0.00', '0.00', '0.00', '0.17'),
(91, '2020-08-26', 1, '91.45', '0.00', '0.00', '0.00', '0.00', '0.00', '0.17'),
(92, '2020-08-26', 1, '87.75', '0.00', '0.00', '0.00', '0.00', '0.00', '0.17'),
(93, '2020-08-26', 1, '85.42', '0.00', '0.00', '0.00', '0.00', '0.00', '0.17'),
(94, '2020-08-26', 1, '83.80', '0.00', '0.00', '0.00', '0.00', '0.00', '0.20'),
(95, '2020-08-26', 1, '82.62', '0.00', '0.00', '0.00', '0.00', '0.00', '0.20'),
(96, '2020-08-26', 1, '81.72', '0.00', '0.00', '0.00', '0.00', '0.00', '0.20'),
(97, '2020-08-26', 1, '81.00', '0.00', '0.00', '0.00', '0.00', '0.00', '0.20'),
(98, '2020-08-26', 1, '80.42', '0.00', '0.00', '0.00', '0.00', '0.00', '0.23'),
(99, '2020-08-26', 1, '79.95', '0.00', '0.00', '0.00', '0.00', '0.00', '0.23'),
(100, '2020-08-26', 1, '79.55', '0.00', '0.00', '0.00', '0.00', '0.00', '0.23'),
(101, '2020-08-26', 1, '79.22', '0.00', '0.00', '0.00', '0.00', '0.00', '0.23'),
(102, '2020-08-26', 1, '78.92', '0.00', '0.00', '0.00', '0.00', '0.00', '0.25'),
(103, '2020-08-26', 1, '78.72', '0.00', '0.00', '0.00', '0.00', '0.00', '0.25'),
(104, '2020-08-26', 1, '78.72', '0.00', '0.00', '0.00', '0.00', '0.00', '0.25'),
(105, '2020-08-26', 1, '78.72', '0.00', '0.00', '0.00', '0.00', '0.00', '0.25'),
(106, '2020-08-26', 1, '78.72', '0.00', '0.00', '0.00', '0.00', '0.00', '0.25'),
(107, '2020-08-26', 1, '78.72', '0.00', '0.00', '0.00', '0.00', '0.00', '0.25'),
(108, '2020-08-26', 1, '78.72', '0.00', '0.00', '0.00', '0.00', '0.00', '0.25'),
(109, '2020-08-26', 1, '78.72', '0.00', '0.00', '0.00', '0.00', '0.00', '0.25'),
(110, '2020-08-26', 1, '78.72', '0.00', '0.00', '0.00', '0.00', '0.00', '0.25'),
(111, '2020-08-26', 1, '78.72', '0.00', '0.00', '0.00', '0.00', '0.00', '0.25'),
(112, '2020-08-26', 1, '78.72', '0.00', '0.00', '0.00', '0.00', '0.00', '0.25'),
(113, '2020-08-26', 1, '78.72', '0.00', '0.00', '0.00', '0.00', '0.00', '0.25'),
(114, '2020-08-26', 1, '78.72', '0.00', '0.00', '0.00', '0.00', '0.00', '0.25'),
(115, '2020-08-26', 1, '78.72', '0.00', '0.00', '0.00', '0.00', '0.00', '0.25'),
(116, '2020-08-26', 1, '78.72', '0.00', '0.00', '0.00', '0.00', '0.00', '0.25'),
(117, '2020-08-26', 1, '78.72', '0.00', '0.00', '0.00', '0.00', '0.00', '0.25'),
(118, '2020-08-26', 1, '78.72', '0.00', '0.00', '0.00', '0.00', '0.00', '0.25'),
(119, '2020-08-26', 1, '78.72', '0.00', '0.00', '0.00', '0.00', '0.00', '0.25'),
(120, '2020-08-26', 1, '78.72', '0.00', '0.00', '0.00', '0.00', '0.00', '0.25'),
(121, '2020-08-26', 1, '78.72', '0.00', '0.00', '0.00', '0.00', '0.00', '0.25'),
(122, '2020-08-26', 1, '78.72', '0.00', '0.00', '0.00', '0.00', '0.00', '0.25'),
(123, '2020-08-26', 1, '78.72', '0.00', '0.00', '0.00', '0.00', '0.00', '0.25'),
(124, '2020-08-26', 1, '78.72', '0.00', '0.00', '0.00', '0.00', '0.00', '0.25'),
(125, '2020-08-26', 1, '78.72', '0.00', '0.00', '0.00', '0.00', '0.00', '0.25'),
(126, '2020-08-26', 1, '78.72', '0.00', '0.00', '0.00', '0.00', '0.00', '0.25'),
(127, '2020-08-26', 1, '78.72', '0.00', '0.00', '0.00', '0.00', '0.00', '0.25'),
(128, '2020-08-26', 1, '78.72', '0.00', '0.00', '0.00', '0.00', '0.00', '0.25'),
(129, '2020-08-26', 1, '78.62', '0.00', '0.00', '0.00', '0.00', '0.00', '0.25'),
(130, '2020-08-26', 1, '78.42', '0.00', '0.00', '0.00', '0.00', '0.00', '0.25'),
(131, '2020-08-26', 1, '78.22', '0.00', '0.00', '0.00', '0.00', '0.00', '0.25'),
(132, '2020-08-26', 1, '78.05', '0.00', '0.00', '0.00', '0.00', '0.00', '0.28'),
(133, '2020-08-26', 1, '77.90', '0.00', '0.00', '0.00', '0.00', '0.00', '0.28'),
(134, '2020-08-26', 1, '77.75', '0.00', '0.00', '0.00', '0.00', '0.00', '0.28'),
(135, '2020-08-26', 1, '77.62', '0.00', '0.00', '0.00', '0.00', '0.00', '0.30'),
(136, '2020-08-26', 1, '77.50', '0.00', '0.00', '0.00', '0.00', '0.00', '0.30'),
(137, '2020-08-26', 1, '77.40', '0.00', '0.00', '0.00', '0.00', '0.00', '0.30'),
(138, '2020-08-26', 1, '77.30', '0.00', '0.00', '0.00', '0.00', '0.00', '0.30'),
(139, '2020-08-26', 1, '77.22', '0.00', '0.00', '0.00', '0.00', '0.00', '0.33'),
(140, '2020-08-26', 1, '77.12', '0.00', '0.00', '0.00', '0.00', '0.00', '0.33'),
(141, '2020-08-26', 1, '77.05', '0.00', '0.00', '0.00', '0.00', '0.00', '0.33'),
(142, '2020-08-26', 1, '76.97', '0.00', '0.00', '0.00', '0.00', '0.00', '0.33'),
(143, '2020-08-26', 1, '76.92', '0.00', '0.00', '0.00', '0.00', '0.00', '0.35'),
(144, '2020-08-26', 1, '76.85', '0.00', '0.00', '0.00', '0.00', '0.00', '0.35'),
(145, '2020-08-26', 1, '76.80', '0.00', '0.00', '0.00', '0.00', '0.00', '0.35'),
(146, '2020-08-26', 1, '76.75', '0.00', '0.00', '0.00', '0.00', '0.00', '0.35'),
(147, '2020-08-26', 1, '76.70', '0.00', '0.00', '0.00', '0.00', '0.00', '0.37'),
(148, '2020-08-26', 1, '76.65', '0.00', '0.00', '0.00', '0.00', '0.00', '0.37'),
(149, '2020-08-26', 1, '76.60', '0.00', '0.00', '0.00', '0.00', '0.00', '0.37'),
(150, '2020-08-26', 1, '76.55', '0.00', '0.00', '0.00', '0.00', '0.00', '0.37'),
(151, '2020-08-26', 1, '76.50', '0.00', '0.00', '0.00', '0.00', '0.00', '0.40'),
(152, '2020-08-26', 1, '76.47', '0.00', '0.00', '0.00', '0.00', '0.00', '0.40'),
(153, '2020-08-26', 1, '76.42', '0.00', '0.00', '0.00', '0.00', '0.00', '0.40'),
(154, '2020-08-26', 1, '76.40', '0.00', '0.00', '0.00', '0.00', '0.00', '0.40'),
(155, '2020-08-26', 1, '76.37', '0.00', '0.00', '0.00', '0.00', '0.00', '0.43'),
(156, '2020-08-26', 1, '76.33', '0.00', '0.00', '0.00', '0.00', '0.00', '0.43'),
(157, '2020-08-26', 1, '76.30', '0.00', '0.00', '0.00', '0.00', '0.00', '0.43'),
(158, '2020-08-26', 1, '76.28', '0.00', '0.00', '0.00', '0.00', '0.00', '0.43'),
(159, '2020-08-26', 1, '76.25', '0.00', '0.00', '0.00', '0.00', '0.00', '0.45'),
(160, '2020-08-26', 1, '76.22', '0.00', '0.00', '0.00', '0.00', '0.00', '0.45'),
(161, '2020-08-26', 1, '76.20', '0.00', '0.00', '0.00', '0.00', '0.00', '0.45'),
(162, '2020-08-26', 1, '76.17', '0.00', '0.00', '0.00', '0.00', '0.00', '0.45'),
(163, '2020-08-26', 1, '76.15', '0.00', '0.00', '0.00', '0.00', '0.00', '0.47'),
(164, '2020-08-26', 1, '76.12', '0.00', '0.00', '0.00', '0.00', '0.00', '0.47'),
(165, '2020-08-26', 1, '76.10', '0.00', '0.00', '0.00', '0.00', '0.00', '0.47'),
(166, '2020-08-26', 1, '76.08', '0.00', '0.00', '0.00', '0.00', '0.00', '0.47'),
(167, '2020-08-26', 1, '76.05', '0.00', '0.00', '0.00', '0.00', '0.00', '0.50'),
(168, '2020-08-26', 1, '76.05', '0.00', '0.00', '0.00', '0.00', '0.00', '0.50'),
(169, '2020-08-26', 1, '76.03', '0.00', '0.00', '0.00', '0.00', '0.00', '0.50'),
(170, '2020-08-26', 1, '76.00', '0.00', '0.00', '0.00', '0.00', '0.00', '0.50'),
(171, '2020-08-26', 1, '75.97', '0.00', '0.00', '0.00', '0.00', '0.00', '0.53'),
(172, '2020-08-26', 1, '75.97', '0.00', '0.00', '0.00', '0.00', '0.00', '0.53'),
(173, '2020-08-26', 1, '75.95', '0.00', '0.00', '0.00', '0.00', '0.00', '0.53'),
(174, '2020-08-26', 1, '75.92', '0.00', '0.00', '0.00', '0.00', '0.00', '0.53'),
(175, '2020-08-26', 1, '75.92', '0.00', '0.00', '0.00', '0.00', '0.00', '0.53'),
(176, '2020-08-26', 1, '75.92', '0.00', '0.00', '0.00', '0.00', '0.00', '0.53'),
(177, '2020-08-26', 1, '75.92', '0.00', '0.00', '0.00', '0.00', '0.00', '0.53'),
(178, '2020-08-26', 1, '75.92', '0.00', '0.00', '0.00', '0.00', '0.00', '0.53'),
(179, '2020-08-26', 1, '75.92', '0.00', '0.00', '0.00', '0.00', '0.00', '0.53'),
(180, '2020-08-26', 1, '75.92', '0.00', '0.00', '0.00', '0.00', '0.00', '0.53'),
(181, '2020-08-26', 1, '75.92', '0.00', '0.00', '0.00', '0.00', '0.00', '0.53'),
(182, '2020-08-26', 1, '75.92', '0.00', '0.00', '0.00', '0.00', '0.00', '0.53'),
(183, '2020-08-26', 1, '75.92', '0.00', '0.00', '0.00', '0.00', '0.00', '0.53'),
(184, '2020-08-26', 1, '75.92', '0.00', '0.00', '0.00', '0.00', '0.00', '0.53'),
(185, '2020-08-26', 1, '75.92', '0.00', '0.00', '0.00', '0.00', '0.00', '0.53'),
(186, '2020-08-26', 1, '75.92', '0.00', '0.00', '0.00', '0.00', '0.00', '0.53'),
(187, '2020-08-26', 1, '75.92', '0.00', '0.00', '0.00', '0.00', '0.00', '0.53'),
(188, '2020-08-26', 1, '75.92', '0.00', '0.00', '0.00', '0.00', '0.00', '0.53'),
(189, '2020-08-26', 1, '75.92', '0.00', '0.00', '0.00', '0.00', '0.00', '0.53'),
(190, '2020-08-26', 1, '75.92', '0.00', '0.00', '0.00', '0.00', '0.00', '0.53'),
(191, '2020-08-26', 1, '75.92', '0.00', '0.00', '0.00', '0.00', '0.00', '0.53'),
(192, '2020-08-26', 1, '75.92', '0.00', '0.00', '0.00', '0.00', '0.00', '0.53'),
(193, '2020-08-26', 1, '75.92', '0.00', '0.00', '0.00', '0.00', '0.00', '0.53'),
(194, '2020-08-26', 1, '75.92', '0.00', '0.00', '0.00', '0.00', '0.00', '0.53'),
(195, '2020-08-26', 1, '75.92', '0.00', '0.00', '0.00', '0.00', '0.00', '0.53'),
(196, '2020-08-26', 1, '75.92', '0.00', '0.00', '0.00', '0.00', '0.00', '0.53'),
(197, '2020-08-26', 1, '50.62', '0.00', '0.00', '0.00', '0.00', '0.00', '0.35'),
(198, '2020-08-26', 1, '50.62', '0.00', '0.00', '0.00', '0.00', '0.00', '0.35'),
(199, '2020-08-26', 1, '50.62', '0.00', '0.00', '0.00', '0.00', '0.00', '0.35'),
(200, '2020-08-26', 1, '50.62', '0.00', '0.00', '0.00', '0.00', '0.00', '0.35'),
(201, '2020-08-26', 1, '50.62', '0.00', '0.00', '0.00', '0.00', '0.00', '0.35'),
(202, '2020-08-26', 1, '50.62', '0.00', '0.00', '0.00', '0.00', '0.00', '0.35'),
(203, '2020-08-26', 1, '83.95', '0.00', '0.00', '0.00', '0.00', '0.00', '0.35'),
(204, '2020-08-26', 1, '83.95', '0.00', '0.00', '0.00', '0.00', '0.00', '0.35'),
(205, '2020-08-26', 1, '82.65', '0.00', '0.00', '0.00', '0.00', '0.00', '0.38'),
(206, '2020-08-26', 1, '72.98', '0.00', '0.00', '0.00', '0.00', '0.00', '0.38'),
(207, '2020-08-26', 1, '67.82', '0.00', '0.00', '0.00', '0.00', '0.00', '0.38'),
(208, '2020-08-26', 1, '64.58', '0.00', '0.00', '0.00', '0.00', '0.00', '0.38'),
(209, '2020-08-26', 1, '62.38', '0.00', '0.00', '0.00', '0.00', '0.00', '0.42'),
(210, '2020-08-26', 1, '60.75', '0.00', '0.00', '0.00', '0.00', '0.00', '0.42'),
(211, '2020-08-26', 1, '59.55', '0.00', '0.00', '0.00', '0.00', '0.00', '0.42'),
(212, '2020-08-26', 1, '58.58', '0.00', '0.00', '0.00', '0.00', '0.00', '0.42'),
(213, '2020-08-26', 1, '57.82', '0.00', '0.00', '0.00', '0.00', '0.00', '0.45'),
(214, '2020-08-26', 1, '57.18', '0.00', '0.00', '0.00', '0.00', '0.00', '0.45'),
(215, '2020-08-26', 1, '56.65', '0.00', '0.00', '0.00', '0.00', '0.00', '0.45'),
(216, '2020-08-26', 1, '56.18', '0.00', '0.00', '0.00', '0.00', '0.00', '0.45'),
(217, '2020-08-26', 1, '55.82', '0.00', '0.00', '0.00', '0.00', '0.00', '0.48'),
(218, '2020-08-26', 1, '55.45', '0.00', '0.00', '0.00', '0.00', '0.00', '0.48'),
(219, '2020-08-26', 1, '55.15', '0.00', '0.00', '0.00', '0.00', '0.00', '0.48'),
(220, '2020-08-26', 1, '54.92', '0.00', '0.00', '0.00', '0.00', '0.00', '0.48'),
(221, '2020-08-26', 1, '54.68', '0.00', '0.00', '0.00', '0.00', '0.00', '0.52'),
(222, '2020-08-26', 1, '54.45', '0.00', '0.00', '0.00', '0.00', '0.00', '0.52'),
(223, '2020-08-26', 1, '54.35', '0.00', '0.00', '0.00', '0.00', '0.00', '0.52'),
(224, '2020-08-26', 1, '54.25', '0.00', '0.00', '0.00', '0.00', '0.00', '0.52'),
(225, '2020-08-26', 1, '54.08', '0.00', '0.00', '0.00', '0.00', '0.00', '0.55'),
(226, '2020-08-26', 1, '54.05', '0.00', '0.00', '0.00', '0.00', '0.00', '0.55'),
(227, '2020-08-26', 1, '54.12', '0.00', '0.00', '0.00', '0.00', '0.00', '0.55'),
(228, '2020-08-26', 1, '54.12', '0.00', '0.00', '0.00', '0.00', '0.00', '0.55'),
(229, '2020-08-26', 1, '54.12', '0.00', '0.00', '0.00', '0.00', '0.00', '0.55'),
(230, '2020-08-26', 1, '54.12', '0.00', '0.00', '0.00', '0.00', '0.00', '0.55'),
(231, '2020-08-26', 1, '54.12', '0.00', '0.00', '0.00', '0.00', '0.00', '0.55'),
(232, '2020-08-26', 1, '54.12', '0.00', '0.00', '0.00', '0.00', '0.00', '0.55'),
(233, '2020-08-26', 1, '54.12', '0.00', '0.00', '0.00', '0.00', '0.00', '0.55'),
(234, '2020-08-26', 1, '54.12', '0.00', '0.00', '0.00', '0.00', '0.00', '0.55'),
(235, '2020-08-26', 1, '54.12', '0.00', '0.00', '0.00', '0.00', '0.00', '0.55'),
(236, '2020-08-26', 1, '54.12', '0.00', '0.00', '0.00', '0.00', '0.00', '0.55'),
(237, '2020-08-26', 1, '54.12', '0.00', '0.00', '0.00', '0.00', '0.00', '0.55'),
(238, '2020-08-26', 2, '27.06', '0.00', '0.00', '0.00', '0.00', '0.00', '0.27'),
(239, '2020-08-26', 2, '27.06', '0.00', '0.00', '0.00', '0.00', '0.00', '0.27'),
(240, '2020-08-26', 2, '30.61', '0.00', '0.00', '0.00', '0.00', '0.00', '0.27'),
(241, '2020-08-26', 2, '28.46', '0.00', '0.00', '0.00', '0.00', '0.00', '0.27'),
(242, '2020-08-26', 2, '27.91', '0.00', '0.00', '0.00', '0.00', '0.00', '0.32'),
(243, '2020-08-26', 2, '27.66', '0.00', '0.00', '0.00', '0.00', '0.00', '0.32'),
(244, '2020-08-26', 2, '27.56', '0.00', '0.00', '0.00', '0.00', '0.00', '0.32'),
(245, '2020-08-26', 2, '27.46', '0.00', '0.00', '0.00', '0.00', '0.00', '0.32'),
(246, '2020-08-26', 2, '27.41', '0.00', '0.00', '0.00', '0.00', '0.00', '0.37'),
(247, '2020-08-26', 2, '27.36', '0.00', '0.00', '0.00', '0.00', '0.00', '0.37'),
(248, '2020-08-26', 2, '27.31', '0.00', '0.00', '0.00', '0.00', '0.00', '0.37'),
(249, '2020-08-26', 2, '27.31', '0.00', '0.00', '0.00', '0.00', '0.00', '0.37'),
(250, '2020-08-26', 2, '27.26', '0.00', '0.00', '0.00', '0.00', '0.00', '0.42'),
(251, '2020-08-26', 2, '27.26', '0.00', '0.00', '0.00', '0.00', '0.00', '0.42'),
(252, '2020-08-26', 2, '27.26', '0.00', '0.00', '0.00', '0.00', '0.00', '0.42'),
(253, '2020-08-26', 2, '0.20', '0.00', '0.00', '0.00', '0.00', '0.00', '0.15'),
(254, '2020-08-26', 2, '-16.45', '0.00', '0.00', '0.00', '0.00', '0.00', '0.15'),
(255, '2020-08-26', 2, '-3.35', '0.00', '0.00', '0.00', '0.00', '0.00', '0.15'),
(256, '2020-08-26', 2, '-1.80', '0.00', '0.00', '0.00', '0.00', '0.00', '0.20'),
(257, '2020-08-26', 2, '-1.20', '0.00', '0.00', '0.00', '0.00', '0.00', '0.20'),
(258, '2020-08-26', 2, '-0.85', '0.00', '0.00', '0.00', '0.00', '0.00', '0.20'),
(259, '2020-08-26', 2, '-0.65', '0.00', '0.00', '0.00', '0.00', '0.00', '0.20'),
(260, '2020-08-26', 2, '-0.50', '0.00', '0.00', '0.00', '0.00', '0.00', '0.25'),
(261, '2020-08-26', 2, '-0.40', '0.00', '0.00', '0.00', '0.00', '0.00', '0.25'),
(262, '2020-08-26', 2, '-0.35', '0.00', '0.00', '0.00', '0.00', '0.00', '0.25'),
(263, '2020-08-26', 2, '-0.30', '0.00', '0.00', '0.00', '0.00', '0.00', '0.25'),
(264, '2020-08-26', 2, '-0.25', '0.00', '0.00', '0.00', '0.00', '0.00', '0.30'),
(265, '2020-08-26', 2, '-0.20', '0.00', '0.00', '0.00', '0.00', '0.00', '0.30'),
(266, '2020-08-26', 2, '-0.15', '0.00', '0.00', '0.00', '0.00', '0.00', '0.30'),
(267, '2020-08-26', 2, '-0.15', '0.00', '0.00', '0.00', '0.00', '0.00', '0.30'),
(268, '2020-08-26', 2, '-0.10', '0.00', '0.00', '0.00', '0.00', '0.00', '0.35'),
(269, '2020-08-26', 2, '-0.10', '0.00', '0.00', '0.00', '0.00', '0.00', '0.35'),
(270, '2020-08-26', 2, '-0.10', '0.00', '0.00', '0.00', '0.00', '0.00', '0.35'),
(271, '2020-08-26', 2, '-0.05', '0.00', '0.00', '0.00', '0.00', '0.00', '0.35'),
(272, '2020-08-26', 2, '-0.05', '0.00', '0.00', '0.00', '0.00', '0.00', '0.40'),
(273, '2020-08-26', 2, '-0.05', '0.00', '0.00', '0.00', '0.00', '0.00', '0.40'),
(274, '2020-08-26', 2, '0.00', '0.00', '0.00', '0.00', '0.00', '0.00', '0.40'),
(275, '2020-08-26', 2, '0.00', '0.00', '0.00', '0.00', '0.00', '0.00', '0.40'),
(276, '2020-08-26', 2, '0.00', '0.00', '0.00', '0.00', '0.00', '0.00', '0.45'),
(277, '2020-08-26', 2, '0.00', '0.00', '0.00', '0.00', '0.00', '0.00', '0.45'),
(278, '2020-08-26', 2, '0.00', '0.00', '0.00', '0.00', '0.00', '0.00', '0.45'),
(279, '2020-08-26', 2, '0.00', '0.00', '0.00', '0.00', '0.00', '0.00', '0.45'),
(280, '2020-08-26', 2, '0.05', '0.00', '0.00', '0.00', '0.00', '0.00', '0.50'),
(281, '2020-08-26', 2, '0.05', '0.00', '0.00', '0.00', '0.00', '0.00', '0.50'),
(282, '2020-08-26', 2, '0.05', '0.00', '0.00', '0.00', '0.00', '0.00', '0.50'),
(283, '2020-08-26', 2, '0.05', '0.00', '0.00', '0.00', '0.00', '0.00', '0.50'),
(284, '2020-08-26', 2, '0.05', '0.00', '0.00', '0.00', '0.00', '0.00', '0.55'),
(285, '2020-08-26', 2, '0.05', '0.00', '0.00', '0.00', '0.00', '0.00', '0.55'),
(286, '2020-08-26', 2, '0.05', '0.00', '0.00', '0.00', '0.00', '0.00', '0.55'),
(287, '2020-08-26', 2, '0.05', '0.00', '0.00', '0.00', '0.00', '0.00', '0.55'),
(288, '2020-08-26', 2, '0.05', '0.00', '0.00', '0.00', '0.00', '0.00', '0.60'),
(289, '2020-08-26', 2, '0.05', '0.00', '0.00', '0.00', '0.00', '0.00', '0.60'),
(290, '2020-08-26', 2, '0.15', '0.00', '0.00', '0.00', '0.00', '0.00', '0.60'),
(291, '2020-08-26', 2, '0.15', '0.00', '0.00', '0.00', '0.00', '0.00', '0.60'),
(292, '2020-08-26', 2, '0.15', '0.00', '0.00', '0.00', '0.00', '0.00', '0.60'),
(293, '2020-08-26', 2, '0.15', '0.00', '0.00', '0.00', '0.00', '0.00', '0.60'),
(294, '2020-08-26', 2, '0.15', '0.00', '0.00', '0.00', '0.00', '0.00', '0.60'),
(295, '2020-08-26', 2, '0.15', '0.00', '0.00', '0.00', '0.00', '0.00', '0.60'),
(296, '2020-08-26', 2, '0.15', '0.00', '0.00', '0.00', '0.00', '0.00', '0.60'),
(297, '2020-08-26', 2, '0.15', '0.00', '0.00', '0.00', '0.00', '0.00', '0.60'),
(298, '2020-08-26', 2, '0.15', '0.00', '0.00', '0.00', '0.00', '0.00', '0.60'),
(299, '2020-08-26', 2, '0.15', '0.00', '0.00', '0.00', '0.00', '0.00', '0.60'),
(300, '2020-08-26', 2, '0.15', '0.00', '0.00', '0.00', '0.00', '0.00', '0.60'),
(301, '2020-08-26', 2, '0.15', '0.00', '0.00', '0.00', '0.00', '0.00', '0.60'),
(302, '2020-08-26', 2, '0.15', '0.00', '0.00', '0.00', '0.00', '0.00', '0.60'),
(303, '2020-08-26', 2, '0.15', '0.00', '0.00', '0.00', '0.00', '0.00', '0.60'),
(304, '2020-08-26', 2, '0.15', '0.00', '0.00', '0.00', '0.00', '0.00', '0.60'),
(305, '2020-08-26', 2, '0.15', '0.00', '0.00', '0.00', '0.00', '0.00', '0.60'),
(306, '2020-08-26', 2, '0.15', '0.00', '0.00', '0.00', '0.00', '0.00', '0.60'),
(307, '2020-08-26', 2, '0.15', '0.00', '0.00', '0.00', '0.00', '0.00', '0.60'),
(308, '2020-08-26', 2, '0.15', '0.00', '0.00', '0.00', '0.00', '0.00', '0.60'),
(309, '2020-08-26', 2, '0.15', '0.00', '0.00', '0.00', '0.00', '0.00', '0.60'),
(310, '2020-08-26', 2, '0.15', '0.00', '0.00', '0.00', '0.00', '0.00', '0.60'),
(311, '2020-08-26', 2, '0.15', '0.00', '0.00', '0.00', '0.00', '0.00', '0.60'),
(312, '2020-08-26', 2, '0.15', '0.00', '0.00', '0.00', '0.00', '0.00', '0.60'),
(313, '2020-08-26', 2, '0.15', '0.00', '0.00', '0.00', '0.00', '0.00', '0.60'),
(314, '2020-08-26', 2, '0.15', '0.00', '0.00', '0.00', '0.00', '0.00', '0.60'),
(315, '2020-08-26', 2, '0.15', '0.00', '0.00', '0.00', '0.00', '0.00', '0.60'),
(316, '2020-08-26', 2, '0.15', '0.00', '0.00', '0.00', '0.00', '0.00', '0.60'),
(317, '2020-08-26', 2, '0.15', '0.00', '0.00', '0.00', '0.00', '0.00', '0.60'),
(318, '2020-08-26', 2, '0.15', '0.00', '0.00', '0.00', '0.00', '0.00', '0.60'),
(319, '2020-08-26', 2, '0.15', '0.00', '0.00', '0.00', '0.00', '0.00', '0.60'),
(320, '2020-08-26', 2, '0.15', '0.00', '0.00', '0.00', '0.00', '0.00', '0.60'),
(321, '2020-08-26', 2, '0.15', '0.00', '0.00', '0.00', '0.00', '0.00', '0.60'),
(322, '2020-08-26', 2, '0.15', '0.00', '0.00', '0.00', '0.00', '0.00', '0.60'),
(323, '2020-08-26', 2, '0.15', '0.00', '0.00', '0.00', '0.00', '0.00', '0.60'),
(324, '2020-08-26', 2, '0.15', '0.00', '0.00', '0.00', '0.00', '0.00', '0.60'),
(325, '2020-08-26', 2, '0.15', '0.00', '0.00', '0.00', '0.00', '0.00', '0.60'),
(326, '2020-08-26', 2, '0.15', '0.00', '0.00', '0.00', '0.00', '0.00', '0.60'),
(327, '2020-08-26', 2, '0.15', '0.00', '0.00', '0.00', '0.00', '0.00', '0.60'),
(328, '2020-08-26', 2, '0.15', '0.00', '0.00', '0.00', '0.00', '0.00', '0.60'),
(329, '2020-08-26', 2, '0.15', '0.00', '0.00', '0.00', '0.00', '0.00', '0.60'),
(330, '2020-08-26', 2, '0.15', '0.00', '0.00', '0.00', '0.00', '0.00', '0.60'),
(331, '2020-08-26', 2, '0.15', '0.00', '0.00', '0.00', '0.00', '0.00', '0.60'),
(332, '2020-08-26', 2, '0.15', '0.00', '0.00', '0.00', '0.00', '0.00', '0.60'),
(333, '2020-08-26', 2, '0.15', '0.00', '0.00', '0.00', '0.00', '0.00', '0.60'),
(334, '2020-08-26', 2, '0.15', '0.00', '0.00', '0.00', '0.00', '0.00', '0.60'),
(335, '2020-08-26', 2, '0.15', '0.00', '0.00', '0.00', '0.00', '0.00', '0.60'),
(336, '2020-08-26', 2, '0.15', '0.00', '0.00', '0.00', '0.00', '0.00', '0.60'),
(337, '2020-08-26', 2, '0.15', '0.00', '0.00', '0.00', '0.00', '0.00', '0.60'),
(338, '2020-08-26', 2, '0.15', '0.00', '0.00', '0.00', '0.00', '0.00', '0.60'),
(339, '2020-08-26', 2, '0.15', '0.00', '0.00', '0.00', '0.00', '0.00', '0.60'),
(340, '2020-08-26', 2, '0.15', '0.00', '0.00', '0.00', '0.00', '0.00', '0.60'),
(341, '2020-08-26', 2, '0.15', '0.00', '0.00', '0.00', '0.00', '0.00', '0.60'),
(342, '2020-08-26', 2, '0.15', '0.00', '0.00', '0.00', '0.00', '0.00', '0.60'),
(343, '2020-08-26', 2, '0.15', '0.00', '0.00', '0.00', '0.00', '0.00', '0.60'),
(344, '2020-08-26', 2, '0.15', '0.00', '0.00', '0.00', '0.00', '0.00', '0.60'),
(345, '2020-08-26', 2, '0.15', '0.00', '0.00', '0.00', '0.00', '0.00', '0.60'),
(346, '2020-08-26', 2, '0.15', '0.00', '0.00', '0.00', '0.00', '0.00', '0.60'),
(347, '2020-08-26', 2, '0.15', '0.00', '0.00', '0.00', '0.00', '0.00', '0.60'),
(348, '2020-08-26', 2, '0.15', '0.00', '0.00', '0.00', '0.00', '0.00', '0.60'),
(349, '2020-08-26', 2, '0.15', '0.00', '0.00', '0.00', '0.00', '0.00', '0.60'),
(350, '2020-08-26', 2, '0.15', '0.00', '0.00', '0.00', '0.00', '0.00', '0.60'),
(351, '2020-08-26', 2, '0.15', '0.00', '0.00', '0.00', '0.00', '0.00', '0.60'),
(352, '2020-08-26', 2, '0.15', '0.00', '0.00', '0.00', '0.00', '0.00', '0.60'),
(353, '2020-08-26', 2, '0.15', '0.00', '0.00', '0.00', '0.00', '0.00', '0.60'),
(354, '2020-08-26', 2, '0.15', '0.00', '0.00', '0.00', '0.00', '0.00', '0.60'),
(355, '2020-08-26', 2, '0.15', '0.00', '0.00', '0.00', '0.00', '0.00', '0.60'),
(356, '2020-08-26', 2, '0.15', '0.00', '0.00', '0.00', '0.00', '0.00', '0.60'),
(357, '2020-08-26', 2, '0.15', '0.00', '0.00', '0.00', '0.00', '0.00', '0.60'),
(358, '2020-08-26', 2, '0.15', '0.00', '0.00', '0.00', '0.00', '0.00', '0.60'),
(359, '2020-08-26', 2, '0.15', '0.00', '0.00', '0.00', '0.00', '0.00', '0.60'),
(360, '2020-08-26', 2, '0.15', '0.00', '0.00', '0.00', '0.00', '0.00', '0.60'),
(361, '2020-08-26', 2, '0.15', '0.00', '0.00', '0.00', '0.00', '0.00', '0.60'),
(362, '2020-08-26', 2, '0.15', '0.00', '0.00', '0.00', '0.00', '0.00', '0.60'),
(363, '2020-08-26', 2, '0.15', '0.00', '0.00', '0.00', '0.00', '0.00', '0.60'),
(364, '2020-08-26', 2, '0.15', '0.00', '0.00', '0.00', '0.00', '0.00', '0.60'),
(365, '2020-08-26', 2, '0.15', '0.00', '0.00', '0.00', '0.00', '0.00', '0.60'),
(366, '2020-08-26', 2, '0.15', '0.00', '0.00', '0.00', '0.00', '0.00', '0.60'),
(367, '2020-08-26', 2, '0.15', '0.00', '0.00', '0.00', '0.00', '0.00', '0.60'),
(368, '2020-08-26', 2, '0.15', '0.00', '0.00', '0.00', '0.00', '0.00', '0.60'),
(369, '2020-08-26', 2, '0.15', '0.00', '0.00', '0.00', '0.00', '0.00', '0.60'),
(370, '2020-08-26', 2, '0.15', '0.00', '0.00', '0.00', '0.00', '0.00', '0.60'),
(371, '2020-08-26', 2, '0.15', '0.00', '0.00', '0.00', '0.00', '0.00', '0.60'),
(372, '2020-08-26', 2, '0.15', '0.00', '0.00', '0.00', '0.00', '0.00', '0.60'),
(373, '2020-08-26', 2, '0.15', '0.00', '0.00', '0.00', '0.00', '0.00', '0.60'),
(374, '2020-08-26', 2, '0.15', '0.00', '0.00', '0.00', '0.00', '0.00', '0.60'),
(375, '2020-08-26', 2, '0.15', '0.00', '0.00', '0.00', '0.00', '0.00', '0.60'),
(376, '2020-08-26', 2, '0.15', '0.00', '0.00', '0.00', '0.00', '0.00', '0.60'),
(377, '2020-08-26', 2, '0.15', '0.00', '0.00', '0.00', '0.00', '0.00', '0.60'),
(378, '2020-08-26', 2, '0.15', '0.00', '0.00', '0.00', '0.00', '0.00', '0.60'),
(379, '2020-08-26', 2, '0.15', '0.00', '0.00', '0.00', '0.00', '0.00', '0.60'),
(380, '2020-08-26', 2, '0.15', '0.00', '0.00', '0.00', '0.00', '0.00', '0.60'),
(381, '2020-08-26', 2, '0.15', '0.00', '0.00', '0.00', '0.00', '0.00', '0.60'),
(382, '2020-08-26', 2, '0.15', '0.00', '0.00', '0.00', '0.00', '0.00', '0.60'),
(383, '2020-08-26', 2, '0.15', '0.00', '0.00', '0.00', '0.00', '0.00', '0.60'),
(384, '2020-08-26', 2, '0.15', '0.00', '0.00', '0.00', '0.00', '0.00', '0.60'),
(385, '2020-08-26', 2, '0.15', '0.00', '0.00', '0.00', '0.00', '0.00', '0.60'),
(386, '2020-08-26', 2, '0.15', '0.00', '0.00', '0.00', '0.00', '0.00', '0.60'),
(387, '2020-08-26', 2, '0.15', '0.00', '0.00', '0.00', '0.00', '0.00', '0.60'),
(388, '2020-08-26', 2, '0.15', '0.00', '0.00', '0.00', '0.00', '0.00', '0.60'),
(389, '2020-08-26', 2, '0.15', '0.00', '0.00', '0.00', '0.00', '0.00', '0.60'),
(390, '2020-08-26', 2, '0.15', '0.00', '0.00', '0.00', '0.00', '0.00', '0.60'),
(391, '2020-08-26', 2, '0.15', '0.00', '0.00', '0.00', '0.00', '0.00', '0.60'),
(392, '2020-08-26', 2, '0.15', '0.00', '0.00', '0.00', '0.00', '0.00', '0.60'),
(393, '2020-08-26', 2, '0.15', '0.00', '0.00', '0.00', '0.00', '0.00', '0.60'),
(394, '2020-08-26', 2, '0.15', '0.00', '0.00', '0.00', '0.00', '0.00', '0.60'),
(395, '2020-08-26', 2, '0.15', '0.00', '0.00', '0.00', '0.00', '0.00', '0.60'),
(396, '2020-08-26', 2, '0.15', '0.00', '0.00', '0.00', '0.00', '0.00', '0.60'),
(397, '2020-08-26', 2, '0.15', '0.00', '0.00', '0.00', '0.00', '0.00', '0.60'),
(398, '2020-08-26', 2, '0.15', '0.00', '0.00', '0.00', '0.00', '0.00', '0.60'),
(399, '2020-08-26', 2, '0.15', '0.00', '0.00', '0.00', '0.00', '0.00', '0.60'),
(400, '2020-08-26', 2, '0.15', '0.00', '0.00', '0.00', '0.00', '0.00', '0.60'),
(401, '2020-08-26', 2, '0.15', '0.00', '0.00', '0.00', '0.00', '0.00', '0.60'),
(402, '2020-08-26', 2, '0.15', '0.00', '0.00', '0.00', '0.00', '0.00', '0.60'),
(403, '2020-08-26', 2, '0.15', '0.00', '0.00', '0.00', '0.00', '0.00', '0.60'),
(404, '2020-08-26', 2, '0.15', '0.00', '0.00', '0.00', '0.00', '0.00', '0.60'),
(405, '2020-08-26', 2, '0.15', '0.00', '0.00', '0.00', '0.00', '0.00', '0.60'),
(406, '2020-08-26', 2, '0.15', '0.00', '0.00', '0.00', '0.00', '0.00', '0.60'),
(407, '2020-08-26', 2, '0.15', '0.00', '0.00', '0.00', '0.00', '0.00', '0.60'),
(408, '2020-08-26', 2, '0.15', '0.00', '0.00', '0.00', '0.00', '0.00', '0.60'),
(409, '2020-08-26', 2, '0.15', '0.00', '0.00', '0.00', '0.00', '0.00', '0.60'),
(410, '2020-08-26', 2, '0.15', '0.00', '0.00', '0.00', '0.00', '0.00', '0.60'),
(411, '2020-08-26', 2, '0.15', '0.00', '0.00', '0.00', '0.00', '0.00', '0.60'),
(412, '2020-08-26', 2, '0.15', '0.00', '0.00', '0.00', '0.00', '0.00', '0.60'),
(413, '2020-08-26', 2, '0.15', '0.00', '0.00', '0.00', '0.00', '0.00', '0.60'),
(414, '2020-08-26', 2, '0.15', '0.00', '0.00', '0.00', '0.00', '0.00', '0.60'),
(415, '2020-08-26', 2, '0.15', '0.00', '0.00', '0.00', '0.00', '0.00', '0.60'),
(416, '2020-08-26', 2, '0.15', '0.00', '0.00', '0.00', '0.00', '0.00', '0.60'),
(417, '2020-08-26', 2, '0.15', '0.00', '0.00', '0.00', '0.00', '0.00', '0.60'),
(418, '2020-08-26', 2, '0.15', '0.00', '0.00', '0.00', '0.00', '0.00', '0.60'),
(419, '2020-08-26', 2, '0.15', '0.00', '0.00', '0.00', '0.00', '0.00', '0.60'),
(420, '2020-08-26', 2, '0.15', '0.00', '0.00', '0.00', '0.00', '0.00', '0.60'),
(421, '2020-08-26', 2, '0.15', '0.00', '0.00', '0.00', '0.00', '0.00', '0.60'),
(422, '2020-08-26', 2, '0.15', '0.00', '0.00', '0.00', '0.00', '0.00', '0.60'),
(423, '2020-08-26', 2, '0.15', '0.00', '0.00', '0.00', '0.00', '0.00', '0.60'),
(424, '2020-08-26', 2, '0.15', '0.00', '0.00', '0.00', '0.00', '0.00', '0.60'),
(425, '2020-08-26', 2, '0.15', '0.00', '0.00', '0.00', '0.00', '0.00', '0.60'),
(426, '2020-08-26', 2, '0.15', '0.00', '0.00', '0.00', '0.00', '0.00', '0.60'),
(427, '2020-08-26', 2, '0.15', '0.00', '0.00', '0.00', '0.00', '0.00', '0.60'),
(428, '2020-08-26', 2, '0.15', '0.00', '0.00', '0.00', '0.00', '0.00', '0.60'),
(429, '2020-08-26', 2, '0.15', '0.00', '0.00', '0.00', '0.00', '0.00', '0.60'),
(430, '2020-08-26', 2, '0.15', '0.00', '0.00', '0.00', '0.00', '0.00', '0.60'),
(431, '2020-08-26', 2, '0.15', '0.00', '0.00', '0.00', '0.00', '0.00', '0.60'),
(432, '2020-08-26', 2, '0.15', '0.00', '0.00', '0.00', '0.00', '0.00', '0.60'),
(433, '2020-08-26', 2, '0.15', '0.00', '0.00', '0.00', '0.00', '0.00', '0.60'),
(434, '2020-08-26', 2, '0.15', '0.00', '0.00', '0.00', '0.00', '0.00', '0.60'),
(435, '2020-08-26', 2, '0.15', '0.00', '0.00', '0.00', '0.00', '0.00', '0.60'),
(436, '2020-08-26', 2, '0.15', '0.00', '0.00', '0.00', '0.00', '0.00', '0.60'),
(437, '2020-08-26', 2, '0.15', '0.00', '0.00', '0.00', '0.00', '0.00', '0.60'),
(438, '2020-08-26', 2, '0.15', '0.00', '0.00', '0.00', '0.00', '0.00', '0.60'),
(439, '2020-08-26', 2, '0.15', '0.00', '0.00', '0.00', '0.00', '0.00', '0.60'),
(440, '2020-08-26', 2, '0.15', '0.00', '0.00', '0.00', '0.00', '0.00', '0.60'),
(441, '2020-08-26', 2, '0.15', '0.00', '0.00', '0.00', '0.00', '0.00', '0.60'),
(442, '2020-08-26', 2, '0.15', '0.00', '0.00', '0.00', '0.00', '0.00', '0.60'),
(443, '2020-08-26', 2, '0.15', '0.00', '0.00', '0.00', '0.00', '0.00', '0.60'),
(444, '2020-08-26', 2, '0.15', '0.00', '0.00', '0.00', '0.00', '0.00', '0.60'),
(445, '2020-08-26', 2, '0.15', '0.00', '0.00', '0.00', '0.00', '0.00', '0.60'),
(446, '2020-08-26', 2, '0.15', '0.00', '0.00', '0.00', '0.00', '0.00', '0.60'),
(447, '2020-08-26', 2, '0.15', '0.00', '0.00', '0.00', '0.00', '0.00', '0.60'),
(448, '2020-08-26', 2, '0.15', '0.00', '0.00', '0.00', '0.00', '0.00', '0.60'),
(449, '2020-08-26', 2, '0.15', '0.00', '0.00', '0.00', '0.00', '0.00', '0.60'),
(450, '2020-08-26', 2, '0.15', '0.00', '0.00', '0.00', '0.00', '0.00', '0.60'),
(451, '2020-08-26', 2, '0.15', '0.00', '0.00', '0.00', '0.00', '0.00', '0.60'),
(452, '2020-08-26', 2, '0.15', '0.00', '0.00', '0.00', '0.00', '0.00', '0.60'),
(453, '2020-08-26', 2, '0.15', '0.00', '0.00', '0.00', '0.00', '0.00', '0.60'),
(454, '2020-08-26', 2, '0.15', '0.00', '0.00', '0.00', '0.00', '0.00', '0.60'),
(455, '2020-08-26', 2, '0.15', '0.00', '0.00', '0.00', '0.00', '0.00', '0.60'),
(456, '2020-08-26', 2, '0.15', '0.00', '0.00', '0.00', '0.00', '0.00', '0.60'),
(457, '2020-08-26', 2, '0.15', '0.00', '0.00', '0.00', '0.00', '0.00', '0.60'),
(458, '2020-08-26', 2, '0.15', '0.00', '0.00', '0.00', '0.00', '0.00', '0.60'),
(459, '2020-08-26', 2, '0.15', '0.00', '0.00', '0.00', '0.00', '0.00', '0.60'),
(460, '2020-08-26', 2, '0.15', '0.00', '0.00', '0.00', '0.00', '0.00', '0.60'),
(461, '2020-08-26', 2, '0.15', '0.00', '0.00', '0.00', '0.00', '0.00', '0.60'),
(462, '2020-08-26', 2, '0.15', '0.00', '0.00', '0.00', '0.00', '0.00', '0.60'),
(463, '2020-08-26', 2, '0.15', '0.00', '0.00', '0.00', '0.00', '0.00', '0.60'),
(464, '2020-08-26', 2, '0.15', '0.00', '0.00', '0.00', '0.00', '0.00', '0.60'),
(465, '2020-08-26', 2, '0.15', '0.00', '0.00', '0.00', '0.00', '0.00', '0.60'),
(466, '2020-08-26', 2, '0.15', '0.00', '0.00', '0.00', '0.00', '0.00', '0.60'),
(467, '2020-08-26', 2, '0.15', '0.00', '0.00', '0.00', '0.00', '0.00', '0.60'),
(468, '2020-08-26', 2, '0.15', '0.00', '0.00', '0.00', '0.00', '0.00', '0.60'),
(469, '2020-08-26', 2, '0.15', '0.00', '0.00', '0.00', '0.00', '0.00', '0.60'),
(470, '2020-08-26', 2, '0.15', '0.00', '0.00', '0.00', '0.00', '0.00', '0.60'),
(471, '2020-08-26', 2, '0.15', '0.00', '0.00', '0.00', '0.00', '0.00', '0.60'),
(472, '2020-08-26', 2, '0.15', '0.00', '0.00', '0.00', '0.00', '0.00', '0.60'),
(473, '2020-08-26', 2, '0.15', '0.00', '0.00', '0.00', '0.00', '0.00', '0.60'),
(474, '2020-08-26', 2, '0.15', '0.00', '0.00', '0.00', '0.00', '0.00', '0.60'),
(475, '2020-08-26', 2, '0.15', '0.00', '0.00', '0.00', '0.00', '0.00', '0.60'),
(476, '2020-08-26', 2, '0.15', '0.00', '0.00', '0.00', '0.00', '0.00', '0.60'),
(477, '2020-08-26', 2, '0.15', '0.00', '0.00', '0.00', '0.00', '0.00', '0.60'),
(478, '2020-08-26', 2, '0.15', '0.00', '0.00', '0.00', '0.00', '0.00', '0.60'),
(479, '2020-08-26', 2, '0.15', '0.00', '0.00', '0.00', '0.00', '0.00', '0.60'),
(480, '2020-08-26', 2, '0.15', '0.00', '0.00', '0.00', '0.00', '0.00', '0.60'),
(481, '2020-08-26', 2, '0.15', '0.00', '0.00', '0.00', '0.00', '0.00', '0.60'),
(482, '2020-08-26', 2, '0.15', '0.00', '0.00', '0.00', '0.00', '0.00', '0.60'),
(483, '2020-08-26', 2, '0.15', '0.00', '0.00', '0.00', '0.00', '0.00', '0.60'),
(484, '2020-08-26', 2, '0.20', '0.00', '0.00', '0.00', '0.00', '0.00', '0.60'),
(485, '2020-08-26', 2, '0.20', '0.00', '0.00', '0.00', '0.00', '0.00', '0.65'),
(486, '2020-08-26', 2, '0.20', '0.00', '0.00', '0.00', '0.00', '0.00', '0.65'),
(487, '2020-08-26', 2, '0.20', '0.00', '0.00', '0.00', '0.00', '0.00', '0.65'),
(488, '2020-08-26', 2, '0.20', '0.00', '0.00', '0.00', '0.00', '0.00', '0.65'),
(489, '2020-08-26', 2, '0.25', '0.00', '0.00', '0.00', '0.00', '0.00', '0.70'),
(490, '2020-08-26', 2, '0.25', '0.00', '0.00', '0.00', '0.00', '0.00', '0.70'),
(491, '2020-08-26', 2, '0.25', '0.00', '0.00', '0.00', '0.00', '0.00', '0.70'),
(492, '2020-08-26', 2, '0.25', '0.00', '0.00', '0.00', '0.00', '0.00', '0.70'),
(493, '2020-08-26', 2, '0.25', '0.00', '0.00', '0.00', '0.00', '0.00', '0.75'),
(494, '2020-08-26', 2, '0.25', '0.00', '0.00', '0.00', '0.00', '0.00', '0.75'),
(495, '2020-08-26', 2, '0.25', '0.00', '0.00', '0.00', '0.00', '0.00', '0.75'),
(496, '2020-08-26', 2, '0.25', '0.00', '0.00', '0.00', '0.00', '0.00', '0.75'),
(497, '2020-08-26', 2, '0.25', '0.00', '0.00', '0.00', '0.00', '0.00', '0.80'),
(498, '2020-08-26', 2, '0.25', '0.00', '0.00', '0.00', '0.00', '0.00', '0.80'),
(499, '2020-08-26', 2, '0.25', '0.00', '0.00', '0.00', '0.00', '0.00', '0.80'),
(500, '2020-08-26', 2, '0.25', '0.00', '0.00', '0.00', '0.00', '0.00', '0.80'),
(501, '2020-08-26', 2, '0.25', '0.00', '0.00', '0.00', '0.00', '0.00', '0.85'),
(502, '2020-08-26', 2, '0.25', '0.00', '0.00', '0.00', '0.00', '0.00', '0.85'),
(503, '2020-08-26', 2, '0.25', '0.00', '0.00', '0.00', '0.00', '0.00', '0.85'),
(504, '2020-08-26', 2, '0.25', '0.00', '0.00', '0.00', '0.00', '0.00', '0.85'),
(505, '2020-08-26', 2, '0.25', '0.00', '0.00', '0.00', '0.00', '0.00', '0.90'),
(506, '2020-08-26', 2, '0.25', '0.00', '0.00', '0.00', '0.00', '0.00', '0.90'),
(507, '2020-08-26', 2, '0.25', '0.00', '0.00', '0.00', '0.00', '0.00', '0.90'),
(508, '2020-08-26', 2, '0.25', '0.00', '0.00', '0.00', '0.00', '0.00', '0.90'),
(509, '2020-08-26', 2, '0.25', '0.00', '0.00', '0.00', '0.00', '0.00', '0.95'),
(510, '2020-08-26', 2, '0.25', '0.00', '0.00', '0.00', '0.00', '0.00', '0.95'),
(511, '2020-08-26', 2, '0.25', '0.00', '0.00', '0.00', '0.00', '0.00', '0.95'),
(512, '2020-08-26', 2, '0.25', '0.00', '0.00', '0.00', '0.00', '0.00', '0.95'),
(513, '2020-08-26', 2, '0.25', '0.00', '0.00', '0.00', '0.00', '0.00', '1.00'),
(514, '2020-08-26', 2, '0.25', '0.00', '0.00', '0.00', '0.00', '0.00', '1.00'),
(515, '2020-08-26', 2, '0.25', '0.00', '0.00', '0.00', '0.00', '0.00', '1.00'),
(516, '2020-08-26', 2, '0.25', '0.00', '0.00', '0.00', '0.00', '0.00', '1.00'),
(517, '2020-08-26', 2, '0.25', '0.00', '0.00', '0.00', '0.00', '0.00', '1.05'),
(518, '2020-08-26', 2, '0.25', '0.00', '0.00', '0.00', '0.00', '0.00', '1.05'),
(519, '2020-08-26', 2, '0.25', '0.00', '0.00', '0.00', '0.00', '0.00', '1.05'),
(520, '2020-08-26', 2, '0.25', '0.00', '0.00', '0.00', '0.00', '0.00', '1.05'),
(521, '2020-08-26', 2, '0.25', '0.00', '0.00', '0.00', '0.00', '0.00', '1.10'),
(522, '2020-08-26', 2, '0.25', '0.00', '0.00', '0.00', '0.00', '0.00', '1.10'),
(523, '2020-08-26', 2, '0.25', '0.00', '0.00', '0.00', '0.00', '0.00', '1.10'),
(524, '2020-08-26', 2, '0.25', '0.00', '0.00', '0.00', '0.00', '0.00', '1.10'),
(525, '2020-08-26', 2, '0.25', '0.00', '0.00', '0.00', '0.00', '0.00', '1.15'),
(526, '2020-08-26', 2, '0.25', '0.00', '0.00', '0.00', '0.00', '0.00', '1.15'),
(527, '2020-08-26', 2, '0.25', '0.00', '0.00', '0.00', '0.00', '0.00', '1.15'),
(528, '2020-08-26', 2, '0.25', '0.00', '0.00', '0.00', '0.00', '0.00', '1.15'),
(529, '2020-08-26', 2, '0.25', '0.00', '0.00', '0.00', '0.00', '0.00', '1.20'),
(530, '2020-08-26', 2, '0.85', '0.00', '0.00', '0.00', '0.00', '0.00', '1.20'),
(531, '2020-08-26', 2, '1.45', '0.00', '0.00', '0.00', '0.00', '0.00', '1.20'),
(532, '2020-08-26', 2, '2.00', '0.00', '0.00', '0.00', '0.00', '0.00', '1.25'),
(533, '2020-08-26', 2, '2.55', '0.00', '0.00', '0.00', '0.00', '0.00', '1.25'),
(534, '2020-08-26', 2, '2.60', '0.00', '0.00', '0.00', '0.00', '0.00', '1.25'),
(535, '2020-08-26', 2, '2.60', '0.00', '0.00', '0.00', '0.00', '0.00', '1.25'),
(536, '2020-08-26', 2, '2.55', '0.00', '0.00', '0.00', '0.00', '0.00', '1.30'),
(537, '2020-08-26', 2, '2.55', '0.00', '0.00', '0.00', '0.00', '0.00', '1.30'),
(538, '2020-08-26', 2, '2.50', '0.00', '0.00', '0.00', '0.00', '0.00', '1.30'),
(539, '2020-08-26', 2, '2.50', '0.00', '0.00', '0.00', '0.00', '0.00', '1.30'),
(540, '2020-08-26', 2, '2.45', '0.00', '0.00', '0.00', '0.00', '0.00', '1.35'),
(541, '2020-08-26', 2, '2.45', '0.00', '0.00', '0.00', '0.00', '0.00', '1.35'),
(542, '2020-08-26', 2, '2.40', '0.00', '0.00', '0.00', '0.00', '0.00', '1.35'),
(543, '2020-08-26', 2, '2.40', '0.00', '0.00', '0.00', '0.00', '0.00', '1.35'),
(544, '2020-08-26', 2, '2.35', '0.00', '0.00', '0.00', '0.00', '0.00', '1.40'),
(545, '2020-08-26', 2, '2.35', '0.00', '0.00', '0.00', '0.00', '0.00', '1.40'),
(546, '2020-08-26', 2, '2.30', '0.00', '0.00', '0.00', '0.00', '0.00', '1.40'),
(547, '2020-08-26', 2, '2.30', '0.00', '0.00', '0.00', '0.00', '0.00', '1.40'),
(548, '2020-08-26', 2, '2.30', '0.00', '0.00', '0.00', '0.00', '0.00', '1.45'),
(549, '2020-08-26', 2, '2.25', '0.00', '0.00', '0.00', '0.00', '0.00', '1.45'),
(550, '2020-08-26', 2, '2.25', '0.00', '0.00', '0.00', '0.00', '0.00', '1.45'),
(551, '2020-08-26', 2, '2.20', '0.00', '0.00', '0.00', '0.00', '0.00', '1.45'),
(552, '2020-08-26', 2, '2.20', '0.00', '0.00', '0.00', '0.00', '0.00', '1.50'),
(553, '2020-08-26', 2, '2.20', '0.00', '0.00', '0.00', '0.00', '0.00', '1.50'),
(554, '2020-08-26', 2, '2.15', '0.00', '0.00', '0.00', '0.00', '0.00', '1.50'),
(555, '2020-08-26', 2, '2.15', '0.00', '0.00', '0.00', '0.00', '0.00', '1.50'),
(556, '2020-08-26', 2, '2.15', '0.00', '0.00', '0.00', '0.00', '0.00', '1.55'),
(557, '2020-08-26', 2, '2.10', '0.00', '0.00', '0.00', '0.00', '0.00', '1.55'),
(558, '2020-08-26', 2, '2.10', '0.00', '0.00', '0.00', '0.00', '0.00', '1.55'),
(559, '2020-08-26', 2, '2.10', '0.00', '0.00', '0.00', '0.00', '0.00', '1.55'),
(560, '2020-08-26', 2, '2.05', '0.00', '0.00', '0.00', '0.00', '0.00', '1.60'),
(561, '2020-08-26', 2, '2.05', '0.00', '0.00', '0.00', '0.00', '0.00', '1.60'),
(562, '2020-08-26', 2, '2.05', '0.00', '0.00', '0.00', '0.00', '0.00', '1.60'),
(563, '2020-08-26', 2, '2.00', '0.00', '0.00', '0.00', '0.00', '0.00', '1.60'),
(564, '2020-08-26', 2, '2.00', '0.00', '0.00', '0.00', '0.00', '0.00', '1.65'),
(565, '2020-08-26', 2, '2.00', '0.00', '0.00', '0.00', '0.00', '0.00', '1.65'),
(566, '2020-08-26', 2, '1.95', '0.00', '0.00', '0.00', '0.00', '0.00', '1.65'),
(567, '2020-08-26', 2, '1.95', '0.00', '0.00', '0.00', '0.00', '0.00', '1.65'),
(568, '2020-08-26', 2, '1.95', '0.00', '0.00', '0.00', '0.00', '0.00', '1.70'),
(569, '2020-08-26', 2, '1.90', '0.00', '0.00', '0.00', '0.00', '0.00', '1.70'),
(570, '2020-08-26', 2, '1.90', '0.00', '0.00', '0.00', '0.00', '0.00', '1.70'),
(571, '2020-08-26', 2, '1.90', '0.00', '0.00', '0.00', '0.00', '0.00', '1.70'),
(572, '2020-08-26', 2, '1.90', '0.00', '0.00', '0.00', '0.00', '0.00', '1.75'),
(573, '2020-08-26', 2, '1.85', '0.00', '0.00', '0.00', '0.00', '0.00', '1.75'),
(574, '2020-08-26', 2, '1.85', '0.00', '0.00', '0.00', '0.00', '0.00', '1.75'),
(575, '2020-08-26', 2, '1.85', '0.00', '0.00', '0.00', '0.00', '0.00', '1.75'),
(576, '2020-08-26', 2, '1.85', '0.00', '0.00', '0.00', '0.00', '0.00', '1.80'),
(577, '2020-08-26', 2, '1.80', '0.00', '0.00', '0.00', '0.00', '0.00', '1.80'),
(578, '2020-08-26', 2, '1.80', '0.00', '0.00', '0.00', '0.00', '0.00', '1.80'),
(579, '2020-08-26', 2, '1.80', '0.00', '0.00', '0.00', '0.00', '0.00', '1.80'),
(580, '2020-08-26', 2, '1.80', '0.00', '0.00', '0.00', '0.00', '0.00', '1.85'),
(581, '2020-08-26', 2, '1.75', '0.00', '0.00', '0.00', '0.00', '0.00', '1.85'),
(582, '2020-08-26', 2, '1.75', '0.00', '0.00', '0.00', '0.00', '0.00', '1.85'),
(583, '2020-08-26', 2, '1.75', '0.00', '0.00', '0.00', '0.00', '0.00', '1.85'),
(584, '2020-08-26', 2, '1.75', '0.00', '0.00', '0.00', '0.00', '0.00', '1.90'),
(585, '2020-08-26', 2, '1.70', '0.00', '0.00', '0.00', '0.00', '0.00', '1.90'),
(586, '2020-08-26', 2, '1.70', '0.00', '0.00', '0.00', '0.00', '0.00', '1.90'),
(587, '2020-08-26', 2, '1.70', '0.00', '0.00', '0.00', '0.00', '0.00', '1.95'),
(588, '2020-08-26', 2, '1.70', '0.00', '0.00', '0.00', '0.00', '0.00', '1.95'),
(589, '2020-08-26', 2, '1.70', '0.00', '0.00', '0.00', '0.00', '0.00', '1.95'),
(590, '2020-08-26', 2, '1.65', '0.00', '0.00', '0.00', '0.00', '0.00', '1.95'),
(591, '2020-08-26', 2, '1.65', '0.00', '0.00', '0.00', '0.00', '0.00', '2.00'),
(592, '2020-08-26', 2, '1.65', '0.00', '0.00', '0.00', '0.00', '0.00', '2.00'),
(593, '2020-08-26', 2, '1.65', '0.00', '0.00', '0.00', '0.00', '0.00', '2.00'),
(594, '2020-08-26', 2, '1.07', '0.00', '0.00', '0.00', '0.00', '0.00', '1.33'),
(595, '2020-08-26', 2, '1.07', '0.00', '0.00', '0.00', '0.00', '0.00', '1.33'),
(596, '2020-08-26', 2, '1.07', '0.00', '0.00', '0.00', '0.00', '0.00', '1.33'),
(597, '2020-08-26', 2, '1.07', '0.00', '0.00', '0.00', '0.00', '0.00', '1.33'),
(598, '2020-08-26', 2, '1.07', '0.00', '0.00', '0.00', '0.00', '0.00', '1.33'),
(599, '2020-08-26', 2, '1.07', '0.00', '0.00', '0.00', '0.00', '0.00', '1.33'),
(600, '2020-08-26', 2, '1.07', '0.00', '0.00', '0.00', '0.00', '0.00', '1.33'),
(601, '2020-08-26', 2, '1.07', '0.00', '0.00', '0.00', '0.00', '0.00', '1.33'),
(602, '2020-08-26', 2, '1.07', '0.00', '0.00', '0.00', '0.00', '0.00', '1.33'),
(603, '2020-08-26', 2, '1.07', '0.00', '0.00', '0.00', '0.00', '0.00', '1.33'),
(604, '2020-08-26', 2, '1.07', '0.00', '0.00', '0.00', '0.00', '0.00', '1.33'),
(605, '2020-08-26', 2, '1.07', '0.00', '0.00', '0.00', '0.00', '0.00', '1.33'),
(606, '2020-08-26', 2, '1.07', '0.00', '0.00', '0.00', '0.00', '0.00', '1.33'),
(607, '2020-08-26', 2, '1.07', '0.00', '0.00', '0.00', '0.00', '0.00', '1.33'),
(608, '2020-08-26', 2, '1.07', '0.00', '0.00', '0.00', '0.00', '0.00', '1.33'),
(609, '2020-08-26', 2, '1.07', '0.00', '0.00', '0.00', '0.00', '0.00', '1.33'),
(610, '2020-08-26', 2, '1.07', '0.00', '0.00', '0.00', '0.00', '0.00', '1.33'),
(611, '2020-08-26', 2, '1.07', '0.00', '0.00', '0.00', '0.00', '0.00', '1.33'),
(612, '2020-08-26', 2, '1.07', '0.00', '0.00', '0.00', '0.00', '0.00', '1.33'),
(613, '2020-08-26', 2, '1.07', '0.00', '0.00', '0.00', '0.00', '0.00', '1.33'),
(614, '2020-08-26', 2, '1.07', '0.00', '0.00', '0.00', '0.00', '0.00', '1.33'),
(615, '2020-08-26', 2, '1.07', '0.00', '0.00', '0.00', '0.00', '0.00', '1.33'),
(616, '2020-08-26', 2, '0.80', '0.00', '0.00', '0.00', '0.00', '0.00', '1.00'),
(617, '2020-08-26', 2, '0.80', '0.00', '0.00', '0.00', '0.00', '0.00', '1.00'),
(618, '2020-08-26', 2, '0.80', '0.00', '0.00', '0.00', '0.00', '0.00', '1.00'),
(619, '2020-08-26', 2, '0.80', '0.00', '0.00', '0.00', '0.00', '0.00', '1.00'),
(620, '2020-08-26', 2, '0.80', '0.00', '0.00', '0.00', '0.00', '0.00', '1.00'),
(621, '2020-08-26', 2, '0.80', '0.00', '0.00', '0.00', '0.00', '0.00', '1.00'),
(622, '2020-08-26', 2, '0.80', '0.00', '0.00', '0.00', '0.00', '0.00', '1.00'),
(623, '2020-08-26', 2, '0.80', '0.00', '0.00', '0.00', '0.00', '0.00', '1.00'),
(624, '2020-08-26', 2, '0.80', '0.00', '0.00', '0.00', '0.00', '0.00', '1.00'),
(625, '2020-08-26', 2, '0.80', '0.00', '0.00', '0.00', '0.00', '0.00', '1.00'),
(626, '2020-08-26', 2, '0.80', '0.00', '0.00', '0.00', '0.00', '0.00', '1.00'),
(627, '2020-08-26', 2, '0.80', '0.00', '0.00', '0.00', '0.00', '0.00', '1.00'),
(628, '2020-08-26', 2, '0.80', '0.00', '0.00', '0.00', '0.00', '0.00', '1.00'),
(629, '2020-08-26', 2, '0.80', '0.00', '0.00', '0.00', '0.00', '0.00', '1.00'),
(630, '2020-08-26', 2, '0.80', '0.00', '0.00', '0.00', '0.00', '0.00', '1.00'),
(631, '2020-08-26', 2, '0.80', '0.00', '0.00', '0.00', '0.00', '0.00', '1.00'),
(632, '2020-08-26', 2, '0.80', '0.00', '0.00', '0.00', '0.00', '0.00', '1.00'),
(633, '2020-08-26', 2, '0.80', '0.00', '0.00', '0.00', '0.00', '0.00', '1.00'),
(634, '2020-08-26', 2, '0.80', '0.00', '0.00', '0.00', '0.00', '0.00', '1.00'),
(635, '2020-08-26', 2, '0.80', '0.00', '0.00', '0.00', '0.00', '0.00', '1.00'),
(636, '2020-08-26', 2, '0.80', '0.00', '0.00', '0.00', '0.00', '0.00', '1.00'),
(637, '2020-08-26', 2, '0.80', '0.00', '0.00', '0.00', '0.00', '0.00', '1.00');
INSERT INTO `realtime_average` (`id`, `date`, `shift_id`, `availability`, `speed`, `yield`, `gsph`, `achievement`, `oee`, `utilization`) VALUES
(638, '2020-08-26', 2, '0.80', '0.00', '0.00', '0.00', '0.00', '0.00', '1.00'),
(639, '2020-08-26', 2, '0.80', '0.00', '0.00', '0.00', '0.00', '0.00', '1.00'),
(640, '2020-08-26', 2, '0.80', '0.00', '0.00', '0.00', '0.00', '0.00', '1.00'),
(641, '2020-08-26', 2, '0.80', '0.00', '0.00', '0.00', '0.00', '0.00', '1.00'),
(642, '2020-08-26', 2, '0.80', '0.00', '0.00', '0.00', '0.00', '0.00', '1.00'),
(643, '2020-08-26', 2, '0.80', '0.00', '0.00', '0.00', '0.00', '0.00', '1.00'),
(644, '2020-08-26', 2, '0.80', '0.00', '0.00', '0.00', '0.00', '0.00', '1.00'),
(645, '2020-08-26', 2, '0.80', '0.00', '0.00', '0.00', '0.00', '0.00', '1.00'),
(646, '2020-08-26', 2, '0.80', '0.00', '0.00', '0.00', '0.00', '0.00', '1.00'),
(647, '2020-08-26', 2, '0.80', '0.00', '0.00', '0.00', '0.00', '0.00', '1.00'),
(648, '2020-08-26', 2, '0.80', '0.00', '0.00', '0.00', '0.00', '0.00', '1.00'),
(649, '2020-08-26', 2, '0.80', '0.00', '0.00', '0.00', '0.00', '0.00', '1.00'),
(650, '2020-08-26', 2, '0.80', '0.00', '0.00', '0.00', '0.00', '0.00', '1.00'),
(651, '2020-08-26', 2, '0.80', '0.00', '0.00', '0.00', '0.00', '0.00', '1.00'),
(652, '2020-08-26', 2, '0.80', '0.00', '0.00', '0.00', '0.00', '0.00', '1.00'),
(653, '2020-08-26', 2, '0.80', '0.00', '0.00', '0.00', '0.00', '0.00', '1.00'),
(654, '2020-08-26', 2, '0.80', '0.00', '0.00', '0.00', '0.00', '0.00', '1.00'),
(655, '2020-08-26', 2, '0.80', '0.00', '0.00', '0.00', '0.00', '0.00', '1.00'),
(656, '2020-08-26', 2, '0.80', '0.00', '0.00', '0.00', '0.00', '0.00', '1.00'),
(657, '2020-08-26', 2, '0.80', '0.00', '0.00', '0.00', '0.00', '0.00', '1.00'),
(658, '2020-08-26', 2, '0.80', '0.00', '0.00', '0.00', '0.00', '0.00', '1.00'),
(659, '2020-08-26', 2, '0.80', '0.00', '0.00', '0.00', '0.00', '0.00', '1.00'),
(660, '2020-08-26', 2, '0.80', '0.00', '0.00', '0.00', '0.00', '0.00', '1.00'),
(661, '2020-08-26', 2, '0.80', '0.00', '0.00', '0.00', '0.00', '0.00', '1.00'),
(662, '2020-08-26', 2, '0.80', '0.00', '0.00', '0.00', '0.00', '0.00', '1.00'),
(663, '2020-08-26', 2, '0.80', '0.00', '0.00', '0.00', '0.00', '0.00', '1.00'),
(664, '2020-08-26', 2, '0.80', '0.00', '0.00', '0.00', '0.00', '0.00', '1.00'),
(665, '2020-08-26', 2, '0.80', '0.00', '0.00', '0.00', '0.00', '0.00', '1.00'),
(666, '2020-08-26', 2, '0.80', '0.00', '0.00', '0.00', '0.00', '0.00', '1.00'),
(667, '2020-08-26', 2, '0.80', '0.00', '0.00', '0.00', '0.00', '0.00', '1.00'),
(668, '2020-08-26', 2, '0.80', '0.00', '0.00', '0.00', '0.00', '0.00', '1.00'),
(669, '2020-08-26', 2, '0.80', '0.00', '0.00', '0.00', '0.00', '0.00', '1.00'),
(670, '2020-08-26', 2, '0.80', '0.00', '0.00', '0.00', '0.00', '0.00', '1.00'),
(671, '2020-08-26', 2, '0.80', '0.00', '0.00', '0.00', '0.00', '0.00', '1.00'),
(672, '2020-08-26', 2, '0.80', '0.00', '0.00', '0.00', '0.00', '0.00', '1.00'),
(673, '2020-08-26', 2, '0.80', '0.00', '0.00', '0.00', '0.00', '0.00', '1.00'),
(674, '2020-08-26', 2, '0.80', '0.00', '0.00', '0.00', '0.00', '0.00', '1.00'),
(675, '2020-08-26', 2, '0.64', '0.00', '0.00', '0.00', '0.00', '0.00', '0.80'),
(676, '2020-08-26', 2, '0.64', '0.00', '0.00', '0.00', '0.00', '0.00', '0.80'),
(677, '2020-08-26', 2, '0.64', '0.00', '0.00', '0.00', '0.00', '0.00', '0.80'),
(678, '2020-08-26', 2, '20.64', '0.00', '0.00', '0.00', '0.00', '0.00', '0.80'),
(679, '2020-08-26', 2, '20.64', '0.00', '0.00', '0.00', '0.00', '0.00', '0.80'),
(680, '2020-08-26', 2, '20.64', '0.00', '0.00', '0.00', '0.00', '0.00', '0.82'),
(681, '2020-08-26', 2, '14.36', '0.00', '0.00', '0.00', '0.00', '0.00', '0.82'),
(682, '2020-08-26', 2, '11.08', '0.00', '0.00', '0.00', '0.00', '0.00', '0.82'),
(683, '2020-08-26', 2, '9.06', '0.00', '0.00', '0.00', '0.00', '0.00', '0.82'),
(684, '2020-08-26', 2, '7.70', '0.00', '0.00', '0.00', '0.00', '0.00', '0.84'),
(685, '2020-08-26', 2, '6.72', '0.00', '0.00', '0.00', '0.00', '0.00', '0.84'),
(686, '2020-08-26', 2, '5.98', '0.00', '0.00', '0.00', '0.00', '0.00', '0.84'),
(687, '2020-08-26', 2, '5.40', '0.00', '0.00', '0.00', '0.00', '0.00', '0.84'),
(688, '2020-08-26', 2, '4.92', '0.00', '0.00', '0.00', '0.00', '0.00', '0.86'),
(689, '2020-08-26', 2, '4.54', '0.00', '0.00', '0.00', '0.00', '0.00', '0.86'),
(690, '2020-08-26', 2, '4.22', '0.00', '0.00', '0.00', '0.00', '0.00', '0.86'),
(691, '2020-08-26', 2, '3.96', '0.00', '0.00', '0.00', '0.00', '0.00', '0.86'),
(692, '2020-08-26', 2, '3.72', '0.00', '0.00', '0.00', '0.00', '0.00', '0.88'),
(693, '2020-08-26', 2, '3.52', '0.00', '0.00', '0.00', '0.00', '0.00', '0.88'),
(694, '2020-08-26', 2, '3.34', '0.00', '0.00', '0.00', '0.00', '0.00', '0.88'),
(695, '2020-08-26', 2, '3.18', '0.00', '0.00', '0.00', '0.00', '0.00', '0.88'),
(696, '2020-08-26', 2, '3.04', '0.00', '0.00', '0.00', '0.00', '0.00', '0.90'),
(697, '2020-08-26', 2, '2.92', '0.00', '0.00', '0.00', '0.00', '0.00', '0.90'),
(698, '2020-08-26', 2, '2.80', '0.00', '0.00', '0.00', '0.00', '0.00', '0.90'),
(699, '2020-08-26', 2, '2.70', '0.00', '0.00', '0.00', '0.00', '0.00', '0.90'),
(700, '2020-08-26', 2, '2.60', '0.00', '0.00', '0.00', '0.00', '0.00', '0.92'),
(701, '2020-08-26', 2, '2.52', '0.00', '0.00', '0.00', '0.00', '0.00', '0.92'),
(702, '2020-08-26', 2, '2.44', '0.00', '0.00', '0.00', '0.00', '0.00', '0.92'),
(703, '2020-08-26', 2, '2.38', '0.00', '0.00', '0.00', '0.00', '0.00', '0.92'),
(704, '2020-08-26', 2, '2.30', '0.00', '0.00', '0.00', '0.00', '0.00', '0.94'),
(705, '2020-08-26', 2, '2.24', '0.00', '0.00', '0.00', '0.00', '0.00', '0.94'),
(706, '2020-08-26', 2, '2.18', '0.00', '0.00', '0.00', '0.00', '0.00', '0.94'),
(707, '2020-08-26', 2, '2.14', '0.00', '0.00', '0.00', '0.00', '0.00', '0.94'),
(708, '2020-08-26', 2, '2.14', '0.00', '0.00', '0.00', '0.00', '0.00', '0.94'),
(709, '2020-08-26', 2, '2.14', '0.00', '0.00', '0.00', '0.00', '0.00', '0.94'),
(710, '2020-08-26', 2, '2.14', '0.00', '0.00', '0.00', '0.00', '0.00', '0.94'),
(711, '2020-08-26', 2, '1.78', '0.00', '0.00', '0.00', '0.00', '0.00', '0.78'),
(712, '2020-08-26', 2, '1.78', '0.00', '0.00', '0.00', '0.00', '0.00', '0.78'),
(713, '2020-08-26', 2, '1.78', '0.00', '0.00', '0.00', '0.00', '0.00', '0.78'),
(714, '2020-08-26', 2, '1.78', '0.00', '0.00', '0.00', '0.00', '0.00', '0.78'),
(715, '2020-08-26', 2, '1.78', '0.00', '0.00', '0.00', '0.00', '0.00', '0.78'),
(716, '2020-08-26', 2, '1.78', '0.00', '0.00', '0.00', '0.00', '0.00', '0.78'),
(717, '2020-08-26', 2, '1.78', '0.00', '0.00', '0.00', '0.00', '0.00', '0.78'),
(718, '2020-08-26', 2, '1.78', '0.00', '0.00', '0.00', '0.00', '0.00', '0.78'),
(719, '2020-08-26', 2, '1.78', '0.00', '0.00', '0.00', '0.00', '0.00', '0.78'),
(720, '2020-08-26', 2, '1.78', '0.00', '0.00', '0.00', '0.00', '0.00', '0.78'),
(721, '2020-08-26', 2, '1.78', '0.00', '0.00', '0.00', '0.00', '0.00', '0.78'),
(722, '2020-08-26', 2, '1.53', '0.00', '0.00', '0.00', '0.00', '0.00', '0.67'),
(723, '2020-08-26', 2, '1.53', '0.00', '0.00', '0.00', '0.00', '0.00', '0.67'),
(724, '2020-08-26', 2, '1.53', '0.00', '0.00', '0.00', '0.00', '0.00', '0.67'),
(725, '2020-08-26', 2, '1.53', '0.00', '0.00', '0.00', '0.00', '0.00', '0.67'),
(726, '2020-08-26', 2, '1.53', '0.00', '0.00', '0.00', '0.00', '0.00', '0.67'),
(727, '2020-08-26', 2, '1.53', '0.00', '0.00', '0.00', '0.00', '0.00', '0.67'),
(728, '2020-08-26', 2, '1.53', '0.00', '0.00', '0.00', '0.00', '0.00', '0.67'),
(729, '2020-08-26', 2, '1.53', '0.00', '0.00', '0.00', '0.00', '0.00', '0.67'),
(730, '2020-08-26', 2, '1.53', '0.00', '0.00', '0.00', '0.00', '0.00', '0.67'),
(731, '2020-08-26', 2, '1.53', '0.00', '0.00', '0.00', '0.00', '0.00', '0.67'),
(732, '2020-08-26', 2, '1.53', '0.00', '0.00', '0.00', '0.00', '0.00', '0.67'),
(733, '2020-08-26', 2, '1.53', '0.00', '0.00', '0.00', '0.00', '0.00', '0.67'),
(734, '2020-08-26', 2, '1.53', '0.00', '0.00', '0.00', '0.00', '0.00', '0.67'),
(735, '2020-08-26', 2, '1.53', '0.00', '0.00', '0.00', '0.00', '0.00', '0.67'),
(736, '2020-08-26', 2, '1.53', '0.00', '0.00', '0.00', '0.00', '0.00', '0.67'),
(737, '2020-08-26', 2, '1.53', '0.00', '0.00', '0.00', '0.00', '0.00', '0.67'),
(738, '2020-08-26', 2, '1.34', '0.00', '0.00', '0.00', '0.00', '0.00', '0.59'),
(739, '2020-08-26', 2, '1.34', '0.00', '0.00', '0.00', '0.00', '0.00', '0.59'),
(740, '2020-08-26', 2, '1.34', '0.00', '0.00', '0.00', '0.00', '0.00', '0.59'),
(741, '2020-08-26', 2, '1.34', '0.00', '0.00', '0.00', '0.00', '0.00', '0.59'),
(742, '2020-08-26', 2, '1.34', '0.00', '0.00', '0.00', '0.00', '0.00', '0.59'),
(743, '2020-08-26', 2, '1.34', '0.00', '0.00', '0.00', '0.00', '0.00', '0.59'),
(744, '2020-08-26', 2, '1.34', '0.00', '0.00', '0.00', '0.00', '0.00', '0.59'),
(745, '2020-08-26', 2, '1.34', '0.00', '0.00', '0.00', '0.00', '0.00', '0.59'),
(746, '2020-08-26', 2, '1.34', '0.00', '0.00', '0.00', '0.00', '0.00', '0.59'),
(747, '2020-08-26', 2, '1.34', '0.00', '0.00', '0.00', '0.00', '0.00', '0.59'),
(748, '2020-08-26', 2, '1.34', '0.00', '0.00', '0.00', '0.00', '0.00', '0.59'),
(749, '2020-08-26', 2, '1.34', '0.00', '0.00', '0.00', '0.00', '0.00', '0.59'),
(750, '2020-08-26', 2, '1.34', '0.00', '0.00', '0.00', '0.00', '0.00', '0.59'),
(751, '2020-08-26', 2, '1.34', '0.00', '0.00', '0.00', '0.00', '0.00', '0.59'),
(752, '2020-08-26', 2, '1.34', '0.00', '0.00', '0.00', '0.00', '0.00', '0.59'),
(753, '2020-08-26', 2, '1.34', '0.00', '0.00', '0.00', '0.00', '0.00', '0.59'),
(754, '2020-08-26', 2, '1.34', '0.00', '0.00', '0.00', '0.00', '0.00', '0.59'),
(755, '2020-08-26', 2, '1.34', '0.00', '0.00', '0.00', '0.00', '0.00', '0.59');

-- --------------------------------------------------------

--
-- Table structure for table `real_time`
--

CREATE TABLE `real_time` (
  `id` int(11) NOT NULL,
  `date` date NOT NULL,
  `time` time NOT NULL,
  `plan_production` varchar(20) DEFAULT '0',
  `no_production` varchar(20) DEFAULT '0',
  `dies_change` varchar(20) DEFAULT '0',
  `production_dt` varchar(20) DEFAULT '0',
  `dies_change_dt` varchar(20) DEFAULT '0',
  `machine_dt` varchar(20) DEFAULT '0',
  `dies_dt` varchar(20) DEFAULT '0',
  `quality_dt` varchar(20) DEFAULT '0',
  `material_dt` varchar(20) DEFAULT '0',
  `part_no_id` int(11) NOT NULL,
  `qty_plan` varchar(20) NOT NULL,
  `shift_id` int(11) NOT NULL,
  `qty_total` varchar(25) NOT NULL,
  `qty_ok` varchar(25) NOT NULL,
  `qty_reject` varchar(25) NOT NULL,
  `good_footage` varchar(25) NOT NULL,
  `rejection_footage` varchar(25) NOT NULL,
  `total_dt` varchar(25) NOT NULL,
  `start_time` time NOT NULL,
  `qty_rework` varchar(25) NOT NULL,
  `qty_scrap` varchar(25) NOT NULL,
  `gsph` varchar(25) NOT NULL,
  `max_speed` varchar(20) NOT NULL,
  `actual_speed` varchar(20) NOT NULL,
  `speed_loss` varchar(20) NOT NULL,
  `operation_state` varchar(25) NOT NULL,
  `downtime_state` varchar(25) NOT NULL
) ENGINE=InnoDB DEFAULT CHARSET=utf8mb4;

--
-- Dumping data for table `real_time`
--

INSERT INTO `real_time` (`id`, `date`, `time`, `plan_production`, `no_production`, `dies_change`, `production_dt`, `dies_change_dt`, `machine_dt`, `dies_dt`, `quality_dt`, `material_dt`, `part_no_id`, `qty_plan`, `shift_id`, `qty_total`, `qty_ok`, `qty_reject`, `good_footage`, `rejection_footage`, `total_dt`, `start_time`, `qty_rework`, `qty_scrap`, `gsph`, `max_speed`, `actual_speed`, `speed_loss`, `operation_state`, `downtime_state`) VALUES
(1, '2020-08-25', '23:51:13', '71.0', '172.0', '0.0', '21.0', '0.0', '0.0', '0.0', '0.0', '0.0', 2, '25.0', 1, '0.0', '0.0', '0.0', '0.0', '0.0', '21.0', '23:47:04', '0.0', '0.0', '0.0', '50.0', '0.0', '50.0', '2.0', '3.0'),
(2, '2020-08-25', '00:43:53', '367.0', '1104.0', '0.0', '172.0', '0.0', '94.0', '0.0', '0.0', '0.0', 6, '20.0', 1, '0.0', '0.0', '0.0', '0.0', '0.0', '266.0', '00:17:16', '0.0', '0.0', '0.0', '101.0', '0.0', '101.0', '2.0', '1.0'),
(3, '2020-08-26', '11:26:41', '0.0', '24.0', '173.0', '0.0', '0.0', '0.0', '0.0', '0.0', '0.0', 1, '25.0', 1, '0.0', '0.0', '0.0', '0.0', '0.0', '0.0', '11:23:25', '0.0', '0.0', '0.0', '173.0', '0.0', '173.0', '1.0', '-1.0'),
(4, '2020-08-26', '18:40:11', '1323.0', '1097.0', '0.0', '986.0', '0.0', '237.0', '34.0', '4.0', '13.0', 1, '25.0', 1, '0.0', '0.0', '0.0', '0.0', '0.0', '1274.0', '17:55:55', '0.0', '0.0', '0.0', '49.0', '0.0', '49.0', '1.0', '-1.0'),
(5, '2020-08-26', '19:32:02', '514.0', '401.0', '0.0', '123.0', '0.0', '88.0', '228.0', '8.0', '13.0', 2, '40.0', 1, '0.0', '0.0', '0.0', '0.0', '0.0', '460.0', '19:16:11', '0.0', '0.0', '0.0', '54.0', '0.0', '54.0', '1.0', '-1.0'),
(6, '2020-08-26', '19:57:28', '284.0', '51.0', '0.0', '283.0', '0.0', '0.0', '0.0', '0.0', '0.0', 9, '20.0', 2, '0.0', '0.0', '0.0', '0.0', '0.0', '283.0', '19:42:08', '0.0', '0.0', '0.0', '1.0', '0.0', '1.0', '2.0', '3.0'),
(7, '2020-08-26', '22:55:36', '3202.0', '4308.0', '0.0', '2680.0', '0.0', '314.0', '8.0', '43.0', '66.0', 13, '50.0', 2, '0.0', '0.0', '0.0', '0.0', '0.0', '3111.0', '20:46:02', '0.0', '0.0', '0.0', '91.0', '0.0', '91.0', '1.0', '-1.0'),
(8, '2020-08-26', '23:07:47', '0.0', '488.0', '0.0', '0.0', '0.0', '0.0', '0.0', '0.0', '0.0', 2, '50.0', 2, '0.0', '0.0', '0.0', '0.0', '0.0', '0.0', '22:59:23', '0.0', '0.0', '0.0', '0.0', '0.0', '0.0', '1.0', '-1.0'),
(9, '2020-08-26', '02:07:00', '0.0', '1306.0', '0.0', '0.0', '0.0', '0.0', '0.0', '0.0', '0.0', 2, '25.0', 2, '0.0', '0.0', '0.0', '0.0', '0.0', '0.0', '01:44:28', '0.0', '0.0', '0.0', '0.0', '0.0', '0.0', '1.0', '-1.0'),
(10, '2020-08-26', '02:33:47', '629.0', '179.0', '0.0', '131.0', '0.0', '0.0', '451.0', '0.0', '0.0', 4, '30.0', 2, '0.0', '0.0', '0.0', '0.0', '0.0', '582.0', '02:19:40', '0.0', '0.0', '0.0', '47.0', '0.0', '47.0', '1.0', '-1.0'),
(11, '2020-08-26', '03:20:21', '0.0', '260.0', '0.0', '0.0', '0.0', '0.0', '0.0', '0.0', '0.0', 8, '35.0', 2, '0.0', '0.0', '0.0', '0.0', '0.0', '0.0', '03:15:51', '0.0', '0.0', '0.0', '0.0', '0.0', '0.0', '1.0', '-1.0'),
(12, '2020-08-26', '03:29:42', '0.0', '360.0', '0.0', '0.0', '0.0', '0.0', '0.0', '0.0', '0.0', 7, '20.0', 2, '0.0', '0.0', '0.0', '0.0', '0.0', '0.0', '03:23:26', '0.0', '0.0', '0.0', '0.0', '0.0', '0.0', '1.0', '-1.0'),
(13, '2020-08-26', '03:44:35', '0.0', '404.0', '0.0', '0.0', '0.0', '0.0', '0.0', '0.0', '0.0', 9, '40.0', 2, '0.0', '0.0', '0.0', '0.0', '0.0', '0.0', '03:37:32', '0.0', '0.0', '0.0', '0.0', '0.0', '0.0', '1.0', '-1.0');

-- --------------------------------------------------------

--
-- Table structure for table `rework_report`
--

CREATE TABLE `rework_report` (
  `id` int(11) NOT NULL,
  `date` date NOT NULL,
  `part_no_id` int(7) NOT NULL,
  `shift_id` int(7) NOT NULL,
  `time` time NOT NULL,
  `pcb_program` varchar(50) NOT NULL,
  `lens_inspection` varchar(50) NOT NULL,
  `active_alignment` varchar(50) NOT NULL,
  `program_center` varchar(50) NOT NULL,
  `laser_welding` varchar(50) NOT NULL,
  `assy_pcb` varchar(50) NOT NULL,
  `glue` varchar(50) NOT NULL,
  `manual_focus` varchar(50) NOT NULL,
  `assy` varchar(50) NOT NULL,
  `air_leak_tester` varchar(50) NOT NULL,
  `initialize` varchar(50) NOT NULL,
  `current` varchar(50) NOT NULL,
  `center_point` varchar(50) NOT NULL,
  `rotate` varchar(50) NOT NULL,
  `color` varchar(50) NOT NULL,
  `reverse` varchar(50) NOT NULL,
  `eiaj` varchar(50) NOT NULL,
  `angle` varchar(50) NOT NULL,
  `stain` varchar(50) NOT NULL,
  `particle` varchar(50) NOT NULL,
  `defect_pixel` varchar(50) NOT NULL,
  `brightness` varchar(50) NOT NULL,
  `ir_filter` varchar(50) NOT NULL,
  `finalize` varchar(50) NOT NULL
) ENGINE=InnoDB DEFAULT CHARSET=utf8mb4;

-- --------------------------------------------------------

--
-- Table structure for table `scrap_report`
--

CREATE TABLE `scrap_report` (
  `id` int(11) NOT NULL,
  `date` date NOT NULL,
  `part_no_id` int(7) NOT NULL,
  `shift_id` int(7) NOT NULL,
  `time` time NOT NULL,
  `pcb_program` varchar(15) NOT NULL,
  `lens_inspection` varchar(15) NOT NULL,
  `active_alignment` varchar(15) NOT NULL,
  `program_center` varchar(15) NOT NULL,
  `laser_welding` varchar(15) NOT NULL,
  `assy_pcb` varchar(15) NOT NULL,
  `glue` varchar(15) NOT NULL,
  `manual_focus` varchar(15) NOT NULL,
  `assy` varchar(15) NOT NULL,
  `air_leak_tester` varchar(15) NOT NULL,
  `initialize` varchar(15) NOT NULL,
  `current` varchar(15) NOT NULL,
  `center_point` varchar(15) NOT NULL,
  `rotate` varchar(15) NOT NULL,
  `color` varchar(15) NOT NULL,
  `reverse` varchar(15) NOT NULL,
  `eiaj` varchar(15) NOT NULL,
  `angle` varchar(15) NOT NULL,
  `stain` varchar(15) NOT NULL,
  `particle` varchar(15) NOT NULL,
  `defect_pixel` varchar(15) NOT NULL,
  `brightness` varchar(15) NOT NULL,
  `ir_filter` varchar(15) NOT NULL,
  `finalize` varchar(15) NOT NULL,
  `result` varchar(15) NOT NULL
) ENGINE=InnoDB DEFAULT CHARSET=utf8mb4;

--
-- Dumping data for table `scrap_report`
--

INSERT INTO `scrap_report` (`id`, `date`, `part_no_id`, `shift_id`, `time`, `pcb_program`, `lens_inspection`, `active_alignment`, `program_center`, `laser_welding`, `assy_pcb`, `glue`, `manual_focus`, `assy`, `air_leak_tester`, `initialize`, `current`, `center_point`, `rotate`, `color`, `reverse`, `eiaj`, `angle`, `stain`, `particle`, `defect_pixel`, `brightness`, `ir_filter`, `finalize`, `result`) VALUES
(1, '2020-08-26', 9, 2, '19:47:44', '0', '0', '0', '0', '10', '0', '0', '7', '2', '0', '0', '0', '0', '0', '0', '0', '0', '0', '0', '0', '0', '0', '', '', '0'),
(2, '2020-08-26', 13, 2, '22:54:31', '6', '7', '8', '8', '6', '20', '11', '40', '13', '1', '0', '0', '0', '0', '0', '0', '0', '0', '0', '0', '0', '0', '', '', '0'),
(3, '2020-08-26', 4, 2, '02:31:30', '28', '22', '2', '2', '3', '8', '4', '3', '1', '1', '0', '0', '0', '0', '0', '0', '0', '0', '0', '0', '0', '0', '', '', '0'),
(4, '2020-08-26', 8, 2, '03:18:57', '21', '11', '0', '0', '0', '6', '0', '0', '0', '0', '0', '0', '0', '0', '0', '0', '0', '0', '0', '0', '0', '0', '', '', '0'),
(5, '2020-08-26', 7, 2, '03:28:17', '15', '27', '0', '0', '0', '0', '0', '0', '0', '0', '0', '0', '0', '0', '0', '0', '0', '0', '0', '0', '0', '0', '', '', '0'),
(6, '2020-08-26', 9, 2, '03:41:55', '21', '24', '0', '0', '0', '6', '5', '0', '0', '0', '0', '0', '0', '0', '0', '0', '0', '0', '0', '0', '0', '0', '', '', '0');

-- --------------------------------------------------------

--
-- Table structure for table `type_defect`
--

CREATE TABLE `type_defect` (
  `id` int(11) NOT NULL,
  `defect_type` varchar(255) DEFAULT NULL
) ENGINE=InnoDB DEFAULT CHARSET=utf8mb4;

--
-- Dumping data for table `type_defect`
--

INSERT INTO `type_defect` (`id`, `defect_type`) VALUES
(1, 'PCB Program'),
(2, 'Lens Inspection'),
(3, 'Active Alignment'),
(4, 'Program Center'),
(5, 'Laser Welding'),
(6, 'Assy PCB'),
(7, 'Glue'),
(8, 'Manual Focus'),
(9, 'Assy'),
(10, 'Air Leak Tester'),
(11, 'Initialize'),
(12, 'Current'),
(13, 'Center Point'),
(14, 'Rotate'),
(15, 'Color'),
(16, 'Reverse'),
(17, 'EIAJ'),
(18, 'Angle'),
(19, 'Stain'),
(20, 'Particle'),
(21, 'Defect Pixel'),
(22, 'Brightness'),
(23, 'IR Filter'),
(24, 'Finalize');

-- --------------------------------------------------------

--
-- Table structure for table `type_department`
--

CREATE TABLE `type_department` (
  `id` int(7) NOT NULL,
  `department_name` varchar(100) NOT NULL
) ENGINE=InnoDB DEFAULT CHARSET=utf8mb4;

--
-- Dumping data for table `type_department`
--

INSERT INTO `type_department` (`id`, `department_name`) VALUES
(1, 'QA'),
(2, 'Engineering'),
(3, 'Production'),
(4, 'Tool Change'),
(5, 'PE'),
(6, 'PPC');

-- --------------------------------------------------------

--
-- Table structure for table `type_dies_change_downtime`
--

CREATE TABLE `type_dies_change_downtime` (
  `id` int(11) NOT NULL,
  `dies_change_downtime` varchar(100) DEFAULT NULL,
  `department_id` int(15) DEFAULT NULL
) ENGINE=InnoDB DEFAULT CHARSET=utf8mb4;

--
-- Dumping data for table `type_dies_change_downtime`
--

INSERT INTO `type_dies_change_downtime` (`id`, `dies_change_downtime`, `department_id`) VALUES
(1, 'Bolt and nut not enough', 4),
(2, 'Spanner not enough', 4),
(3, 'Moving bolster problem', 4),
(4, 'Unskill manpower', 4),
(5, 'None', 4);

-- --------------------------------------------------------

--
-- Table structure for table `type_die_downtime`
--

CREATE TABLE `type_die_downtime` (
  `id` int(11) NOT NULL,
  `die_downtime` varchar(100) DEFAULT NULL,
  `department_id` int(7) DEFAULT NULL
) ENGINE=InnoDB DEFAULT CHARSET=utf8mb4;

--
-- Dumping data for table `type_die_downtime`
--

INSERT INTO `type_die_downtime` (`id`, `die_downtime`, `department_id`) VALUES
(1, 'Part Mekure', 2),
(2, 'Part Dented', 2),
(3, 'Scrap Stuck', 2),
(4, 'Wrinkle & Overlap', 2),
(5, 'Part Burr', 2),
(6, 'Part Seizure', 2),
(7, 'Hole ng', 2),
(8, 'Part Stuck', 2),
(9, 'Part Crack & Necking', 2),
(10, 'Die Mark', 2),
(11, 'Jig Out Stg', 2),
(12, 'Cutter Ng', 2),
(13, 'Adjust Guide', 2),
(14, 'Guide Broken', 2),
(15, 'Put oil', 2),
(16, 'Part unbalance', 2),
(17, 'Clean die', 2),
(18, 'Marking problem', 2),
(19, 'Flange NG', 2),
(20, 'Pilot pin problem', 2),
(21, 'Overlap', 2),
(22, 'Punch broken', 2),
(23, 'Part checking', 2),
(24, 'Block problem', 2),
(25, 'Stopper problem', 2),
(26, 'Part Scratch', 2),
(27, 'Finger problem', 2),
(28, 'None', 2);

-- --------------------------------------------------------

--
-- Table structure for table `type_machine_downtime`
--

CREATE TABLE `type_machine_downtime` (
  `id` int(11) NOT NULL,
  `machine_downtime_cause` varchar(255) DEFAULT NULL,
  `department_id` int(7) DEFAULT NULL
) ENGINE=InnoDB DEFAULT CHARSET=utf8mb4;

--
-- Dumping data for table `type_machine_downtime`
--

INSERT INTO `type_machine_downtime` (`id`, `machine_downtime_cause`, `department_id`) VALUES
(1, 'Machine over run', 1),
(2, 'Machine control fault', 1),
(3, 'Cant reset fault', 1),
(4, 'Moving bolster problem', 1),
(5, 'Bolster up down', 1),
(6, 'Air pressure inconsistent', 1),
(7, 'Hydraulic oil leak', 1),
(8, 'Main motor problem', 1),
(9, 'Clamper NG', 1),
(10, 'Clutch brake', 1),
(11, 'Overload', 1),
(12, 'Push button emergency', 1),
(13, 'Push button stamp', 1),
(14, 'Slide adjustment problem', 1),
(15, 'Lube Fault', 1),
(16, 'Gate problem', 1),
(17, 'Coil car problem', 1),
(18, 'Machine slow', 1),
(19, 'Pillar problem', 1),
(20, 'Autorun problem', 1),
(21, 'Telescopic conveyor', 1),
(22, 'Top up oil', 1),
(23, 'Feeder problem', 1),
(24, 'Scrap hooper', 1),
(25, 'Brake fault', 1),
(26, 'Board problem', 1),
(27, 'Control panel trip', 1),
(28, 'Machine trip', 1),
(29, 'Safety fence', 1),
(30, 'Belting problem', 1),
(31, 'Lamp problem', 1),
(32, 'Mc slide adjustment prob (meter)', 1),
(33, 'Mc slide adjustment prob (button)', 1),
(34, 'S/Height problem', 1),
(35, 'Robot problem', 1),
(36, 'Destacker problem', 1),
(37, 'Emergency stop problem', 1),
(38, 'Interpress conveyor', 1),
(39, 'Machine trial', 1),
(40, 'Sensor problem', 1),
(41, 'Cushion pressure', 1),
(42, 'Machine repair online', 1),
(43, 'Overhead crane (OHC)', 1),
(44, 'Straightener Prob [Blkg]', 1),
(45, 'Machine roller prob [Blkg]', 1),
(46, 'Machine cannot stamp', 1),
(47, 'Machine stop on off', 1),
(48, 'Scrap conveyor NG', 1),
(49, 'Manual remove scrap', 1),
(50, 'Scrap stuck', 1),
(51, 'Safety plug problem', 1),
(52, 'None', 1);

-- --------------------------------------------------------

--
-- Table structure for table `type_material_downtime`
--

CREATE TABLE `type_material_downtime` (
  `id` int(11) NOT NULL,
  `material_downtime` varchar(100) DEFAULT NULL,
  `department_id` int(7) DEFAULT NULL
) ENGINE=InnoDB DEFAULT CHARSET=utf8mb4;

--
-- Dumping data for table `type_material_downtime`
--

INSERT INTO `type_material_downtime` (`id`, `material_downtime`, `department_id`) VALUES
(1, 'Material problem (su', 5),
(2, 'Waiting material (sh', 5),
(3, 'Material scratch', 5),
(4, 'Material cutting NG', 5),
(5, 'Material bending', 5),
(6, 'Material dented', 5),
(7, 'None', 5);

-- --------------------------------------------------------

--
-- Table structure for table `type_part_list`
--

CREATE TABLE `type_part_list` (
  `id` int(11) NOT NULL,
  `part_no` varchar(255) DEFAULT NULL,
  `part_name` varchar(255) DEFAULT NULL,
  `model` varchar(255) DEFAULT NULL,
  `process` varchar(255) DEFAULT NULL,
  `line` varchar(255) DEFAULT NULL,
  `cycle_time_sec` int(11) DEFAULT NULL,
  `target_gsph` varchar(25) NOT NULL
) ENGINE=InnoDB DEFAULT CHARSET=utf8mb4;

--
-- Dumping data for table `type_part_list`
--

INSERT INTO `type_part_list` (`id`, `part_no`, `part_name`, `model`, `process`, `line`, `cycle_time_sec`, `target_gsph`) VALUES
(1, 'PC811000', 'Sup Rad Upr', 'D46T', '1~4\n', 'TB', 10, '50'),
(2, 'PC386001', 'Brkt LH (NCAP)', 'D46D/D01D', '1~5\n', 'TB', 10, '50'),
(3, 'PC390000', 'Mbr LH', 'D46D/D01D', '1~5\n', 'TB', 10, '50'),
(4, 'PC389000', 'Mbr RH', 'D46D/D01D', '1~5\n', 'TB', 10, '50'),
(5, 'PB387/8000', 'Pnl Roof Side Inr Rear L/R', 'D46T', '1~4\n', 'TB', 10, '50'),
(6, 'PF367/8000', 'Apron Frt Fender L/R', 'D63D/D88N', '1~4\n', 'TB', 10, '50'),
(7, 'PF302000', 'X-Mbr Lwr', 'D63D/D88N', '1~4\n', 'TB', 10, '50'),
(8, 'PF301000', 'X-Mbr Upr', 'D63D/D88N', '1~5\n', 'TB', 10, '50'),
(9, 'AC323002', 'Side Mbr Lwr LH', 'SAGA R', '1~4\n', 'TB', 10, '50'),
(10, 'AC322000', 'Side Mbr Lwr RH', 'SAGA R', '1~5\n', 'TB', 10, '50'),
(11, 'AC320000', 'Side Mbr Upr RH', 'SAGA R', '1~5\n', 'TB', 10, '50'),
(12, 'PC885001', 'Brkt RH (NCAP)', 'D46D/D01D', '1~5\n', 'TB', 10, '50'),
(13, 'PF853/4000', 'Brace Qtr Panel L/R', 'D63D', '1~4\n', 'TB', 10, '50'),
(14, 'PG301000', 'Cross member upper', 'D20 N', '1~5\n', 'TB', 10, '50'),
(15, 'PG302000', 'Cross member lower', 'D20 N', '1~4\n', 'TB', 10, '50'),
(16, 'PG342000', 'Member Fr Panel', 'D20 N', '1~4\n', 'TB', 10, '50'),
(17, 'PG322000', 'PANEL COWL TOP INNER', 'D20 N', '1~4\n', 'TB', 10, '50'),
(18, 'PG823/824000', 'EXTENTION QUARTER PANEL OUTER RH/LH', 'D20 N', '1~4\n', 'TB', 10, '50'),
(19, 'PG325/326000', 'EXTENTION QUARTER PANEL RR RH/LH', 'D20 N', '1~4\n', 'TB', 10, '50'),
(20, 'PG829/830000', 'REINFORCEMENT FR DOOR LOCK RH/LH', 'D20 N', '1~4\n', 'TB', 10, '50'),
(21, 'PG355000', 'BRKT FRT SIDE MMBR LH', 'D20 N', '1~4\n', 'TB', 10, '50'),
(22, 'PG318/819000', 'PANEL COWL TOP SIDE RH/LH', 'D20 N', '1~4\n', 'TB', 10, '50'),
(23, 'PG354000', 'BRKT FRT SIDE MMBR RH', 'D20 N', '1~4\n', 'TB', 10, '50'),
(24, 'PG345000', 'Mmbr Frt Side Frt LH', 'D20N', '1~4\n', 'TB', 10, '50'),
(25, 'PG344000', 'Mmbr Frt Side Frt RH', 'D20N', '1~4\n', 'TB', 10, '50'),
(26, 'PG352000', 'Plate Fr Side Mmbr Otr RH', 'D20N', '1~3\n', 'TB', 10, '50'),
(27, 'PG353000', 'Plate Fr Side Mmbr Otr LH', 'D20N', '1~3\n', 'TB', 10, '50'),
(28, 'PG331000', 'Plate Fr Spring Support RH', 'D20N', '1~4\n', 'TB', 10, '50'),
(29, 'PG332000', 'Plate Fr Spring Support LH', 'D20N', '1~4\n', 'TB', 10, '50'),
(30, 'PB379/80001', 'Rail Roof Side Inr L/R', 'D01D', '1~4\n', 'TB', 10, '50'),
(31, 'PC313/4000', 'Apron Front Fender L/R', 'D46T/D20N', '1~4\n', 'TB', 10, '50'),
(32, 'PH327000', 'PANEL COWL TOP INNER', 'D38L', '1~4\n', 'TB', 10, '50'),
(33, 'PH329000/330000', 'EXT QTR PNL OUTER RH/LH', 'D38L', '1~5\n', 'TB', 10, '50'),
(34, 'PH849000/850000', 'PANEL QUARTER WHEEL HOUSE INNER RH/LH', 'D38L', '1~4\n', 'TB', 10, '50'),
(35, 'PH338000/339000', 'REINF SEAT BELT ANCHOR NO 2 RH/LH', 'D38L', '1~4\n', 'TB', 10, '50'),
(36, 'PH847000/848000', 'REINF ROOF SIDE INNER RH/LH', 'D38L', '1~5\n', 'TB', 10, '50'),
(37, 'PH301000', 'CROSSMEMBER FRONT SUSPENSION UPPER', 'D38L', '1~5\n', 'TB', 10, '50'),
(38, 'PH303000', 'BRACKET ENG FRONT MOUNTING RH', 'D38L', '1~5\n', 'TB', 10, '50'),
(39, 'PH304000', 'BRACKET ENG FRONT MOUNTING LH', 'D38L', '1~5\n', 'TB', 10, '50'),
(40, 'TB0001', 'Ext Qtr Pnl Otr L/R', 'D54T', '1200\n', 'TB', 10, '50'),
(41, 'TB0002', 'FUEL TANK UPPER', 'SAGA R', '1~4\n', 'TB', 10, '50'),
(42, 'TB0003', 'PNL QTR INNER LOWER RH', 'D46T', '1~3\n', 'TB', 10, '50'),
(43, 'TB0004', 'HOUSING RR COMBINATION LH', 'BOYUE', '\n', 'TB', 10, '50'),
(44, 'TB0005', 'HOUSING RR COMBINATION RH', 'BOYUE', '\n', 'TB', 10, '50'),
(45, 'TB0006', 'REINF TAIL GATE HINGE LH', 'BOYUE', '\n', 'TB', 10, '50'),
(46, 'NONE', 'None', 'None', 'None', 'None', 0, '0'),
(47, 'BREAK TIME', 'BREAK TIME', 'Break Time', 'Break Time', 'Break Time', 0, '0'),
(48, 'No Production', 'No Production', 'No Production', 'No Production', 'No Production', 0, '0');

-- --------------------------------------------------------

--
-- Table structure for table `type_pattern`
--

CREATE TABLE `type_pattern` (
  `id` int(11) NOT NULL,
  `pattern_name` varchar(255) NOT NULL
) ENGINE=InnoDB DEFAULT CHARSET=utf8mb4;

--
-- Dumping data for table `type_pattern`
--

INSERT INTO `type_pattern` (`id`, `pattern_name`) VALUES
(1, 'A'),
(2, 'B'),
(3, 'C'),
(4, 'NONE');

-- --------------------------------------------------------

--
-- Table structure for table `type_production_downtime`
--

CREATE TABLE `type_production_downtime` (
  `id` int(11) NOT NULL,
  `production_downtime` varchar(255) DEFAULT NULL,
  `department_id` int(7) DEFAULT NULL
) ENGINE=InnoDB DEFAULT CHARSET=utf8mb4;

--
-- Dumping data for table `type_production_downtime`
--

INSERT INTO `type_production_downtime` (`id`, `production_downtime`, `department_id`) VALUES
(1, 'Bolster;Manpower shortage', 3),
(2, 'Bolster;Transfer manpower', 3),
(3, 'Rearrange Manpower', 3),
(4, 'Briefing - 5s - On machine', 3),
(5, 'QC Check part', 3),
(6, 'Quality Check Online', 3),
(7, 'Trial', 3),
(8, 'Forklift', 3),
(9, 'Setting coil', 3),
(10, 'Cat line', 3),
(11, 'Material setting', 3),
(12, 'Mis loading', 3),
(13, 'Part urgent', 3),
(14, 'Maintenance facilities', 3),
(15, 'Run manual', 3),
(16, 'Blackout', 3),
(17, 'Part setting', 3),
(18, 'Die setting', 3),
(19, 'Destacker setting', 3),
(20, 'Pallet setting', 3),
(21, 'Vacuum error', 3),
(22, 'Centering part sensor problem', 3),
(23, 'Belting motor problem', 3),
(24, 'Robot setting', 3),
(25, 'Reteaching', 3),
(26, 'Die Change (Extra Downtime)', 3),
(27, 'Recycle process', 3),
(28, 'Double stamp', 3),
(29, 'Loading \\ Unloading - Big Parts', 3),
(30, 'Cushion pin issues', 3),
(31, 'Glove shortage', 3),
(32, 'Finger problem', 3),
(33, 'None', 3);

-- --------------------------------------------------------

--
-- Table structure for table `type_qc_downtime`
--

CREATE TABLE `type_qc_downtime` (
  `id` int(11) NOT NULL,
  `qc_downtime` varchar(255) DEFAULT NULL,
  `department_id` int(7) DEFAULT NULL
) ENGINE=InnoDB DEFAULT CHARSET=utf8mb4;

--
-- Dumping data for table `type_qc_downtime`
--

INSERT INTO `type_qc_downtime` (`id`, `qc_downtime`, `department_id`) VALUES
(1, 'Buy-off part Inspection', 6),
(2, 'Quality issue inspection', 6),
(3, 'None', 6);

-- --------------------------------------------------------

--
-- Table structure for table `type_role`
--

CREATE TABLE `type_role` (
  `id` int(11) NOT NULL,
  `role` varchar(25) NOT NULL
) ENGINE=InnoDB DEFAULT CHARSET=utf8mb4;

--
-- Dumping data for table `type_role`
--

INSERT INTO `type_role` (`id`, `role`) VALUES
(1, 'Enginner'),
(2, 'Technician'),
(3, 'Manager');

-- --------------------------------------------------------

--
-- Table structure for table `type_shift`
--

CREATE TABLE `type_shift` (
  `id` int(11) NOT NULL,
  `shift_name` varchar(20) NOT NULL
) ENGINE=InnoDB DEFAULT CHARSET=utf8mb4;

--
-- Dumping data for table `type_shift`
--

INSERT INTO `type_shift` (`id`, `shift_name`) VALUES
(1, 'A'),
(2, 'B'),
(3, 'C');

-- --------------------------------------------------------

--
-- Table structure for table `users`
--

CREATE TABLE `users` (
  `id` int(11) NOT NULL,
  `name` varchar(255) NOT NULL,
  `username` varchar(255) NOT NULL,
  `password` varchar(255) NOT NULL,
  `status` varchar(255) NOT NULL,
  `role_id` int(11) NOT NULL,
  `ic_number` varchar(255) NOT NULL
) ENGINE=InnoDB DEFAULT CHARSET=utf8mb4;

--
-- Dumping data for table `users`
--

INSERT INTO `users` (`id`, `name`, `username`, `password`, `status`, `role_id`, `ic_number`) VALUES
(1, 'LPS', 'LPS', '4C50534F454540313233', 'Unblock', 3, ''),
(2, 'test', 'test', '7465737431323334353640', 'Block', 2, '');

-- --------------------------------------------------------

--
-- Stand-in structure for view `v_actual_seq`
-- (See below for the actual view)
--
CREATE TABLE `v_actual_seq` (
`date` date
,`shift_name` varchar(20)
,`part_no` varchar(255)
,`part_name` varchar(255)
,`qty_plan` varchar(20)
,`end_time_plan` time
,`start_time` datetime
,`end_time` datetime
,`actual_time` varchar(20)
,`qty_total` varchar(20)
,`gsph` varchar(20)
,`total_dt` varchar(20)
,`dies_change` varchar(20)
,`dies_change_dt` varchar(20)
,`no_production_dt` varchar(20)
,`production_dt` varchar(20)
);

-- --------------------------------------------------------

--
-- Stand-in structure for view `v_current_part`
-- (See below for the actual view)
--
CREATE TABLE `v_current_part` (
`id` int(11)
,`date` date
,`part_no` varchar(255)
,`part_name` varchar(255)
,`line` varchar(255)
,`model` varchar(255)
,`process` varchar(255)
,`cycle_time_sec` int(11)
,`qty_rework` varchar(25)
,`qty_scrap` varchar(25)
,`qty_ok` varchar(25)
,`gsph` varchar(25)
,`qty_total` varchar(25)
,`shift_name` varchar(20)
,`qty_plan` varchar(20)
,`start_time` time
,`max_speed` varchar(20)
,`actual_speed` varchar(20)
,`speed_loss` varchar(20)
,`target_gsph` varchar(25)
);

-- --------------------------------------------------------

--
-- Stand-in structure for view `v_current_realtime`
-- (See below for the actual view)
--
CREATE TABLE `v_current_realtime` (
`Id` int(11)
,`date` date
,`part_no_id` int(11)
,`shift_id` int(11)
,`max_speed` varchar(25)
,`actual_speed` varchar(25)
,`speed_loss` varchar(25)
,`operation_state` varchar(25)
,`downtime_state` varchar(25)
);

-- --------------------------------------------------------

--
-- Stand-in structure for view `v_daily_availability`
-- (See below for the actual view)
--
CREATE TABLE `v_daily_availability` (
`id` int(11)
,`date` date
,`time` time
,`shift_id` int(11)
,`part_no_id` int(11)
,`current_avai` varchar(25)
);

-- --------------------------------------------------------

--
-- Stand-in structure for view `v_daily_gsph`
-- (See below for the actual view)
--
CREATE TABLE `v_daily_gsph` (
`id` int(11)
,`date` date
,`time` time
,`shift_id` int(11)
,`part_no_id` int(11)
,`current_gsph` varchar(25)
);

-- --------------------------------------------------------

--
-- Stand-in structure for view `v_daily_oee`
-- (See below for the actual view)
--
CREATE TABLE `v_daily_oee` (
`id` int(11)
,`date` date
,`time` time
,`shift_id` int(11)
,`part_no_id` int(11)
,`current_oee` varchar(25)
);

-- --------------------------------------------------------

--
-- Stand-in structure for view `v_daily_plan_achievement`
-- (See below for the actual view)
--
CREATE TABLE `v_daily_plan_achievement` (
`id` int(11)
,`date` date
,`time` time
,`shift_id` int(11)
,`part_no_id` int(11)
,`current_achie` varchar(25)
);

-- --------------------------------------------------------

--
-- Stand-in structure for view `v_daily_speed`
-- (See below for the actual view)
--
CREATE TABLE `v_daily_speed` (
`id` int(11)
,`date` date
,`time` time
,`shift_id` int(11)
,`part_no_id` int(11)
,`current_speed` varchar(25)
);

-- --------------------------------------------------------

--
-- Stand-in structure for view `v_daily_utilization`
-- (See below for the actual view)
--
CREATE TABLE `v_daily_utilization` (
`id` int(11)
,`date` date
,`time` time
,`shift_id` int(11)
,`part_no_id` int(11)
,`current_uti` varchar(25)
);

-- --------------------------------------------------------

--
-- Stand-in structure for view `v_daily_yield`
-- (See below for the actual view)
--
CREATE TABLE `v_daily_yield` (
`id` int(11)
,`date` date
,`time` time
,`shift_id` int(11)
,`part_no_id` int(11)
,`current_yield` varchar(25)
);

-- --------------------------------------------------------

--
-- Stand-in structure for view `v_downtime_report`
-- (See below for the actual view)
--
CREATE TABLE `v_downtime_report` (
`date` date
,`shift_name` varchar(20)
,`part_no` varchar(255)
,`part_name` varchar(255)
,`start_time` time
,`downtime_period` varchar(20)
,`dies_change_downtime` varchar(100)
,`die_downtime` varchar(100)
,`machine_downtime_cause` varchar(255)
,`material_downtime` varchar(100)
,`production_downtime` varchar(255)
,`qc_downtime` varchar(255)
,`department_name` varchar(100)
);

-- --------------------------------------------------------

--
-- Stand-in structure for view `v_front_panel`
-- (See below for the actual view)
--
CREATE TABLE `v_front_panel` (
`date` date
,`shift_id` int(11)
,`part_no_id` int(11)
,`plan_production` decimal(44,6)
,`no_production` decimal(44,6)
,`dies_change` decimal(44,6)
,`production_dt` decimal(44,6)
,`dies_change_dt` decimal(44,6)
,`machine_dt` decimal(44,6)
,`dies_dt` decimal(44,6)
,`quality_dt` decimal(44,6)
,`material_dt` decimal(44,6)
,`qty_plan` varchar(20)
);

-- --------------------------------------------------------

--
-- Stand-in structure for view `v_realtime`
-- (See below for the actual view)
--
CREATE TABLE `v_realtime` (
`date` date
,`plan_production` double
,`no_production` double
,`dies_change` double
,`production_dt` double
,`dies_change_dt` double
,`machine_dt` double
,`dies_dt` double
,`quality_dt` double
,`material_dt` double
,`qty_plan` double
,`qty_total` double
,`qty_ok` double
,`qty_reject` double
,`good_footage` double
,`rejection_footage` double
,`total_dt` double
,`start_time` decimal(29,0)
,`qty_rework` double
,`qty_scrap` double
,`gsph` varchar(25)
,`max_speed` double
,`actual_speed` double
,`speed_loss` double
);

-- --------------------------------------------------------

--
-- Stand-in structure for view `v_rest_dt_report`
-- (See below for the actual view)
--
CREATE TABLE `v_rest_dt_report` (
`id` int(11)
,`date` date
,`part_no_id` int(7)
,`shift_id` int(7)
,`time` time
,`downtime_period` varchar(20)
,`problem_dies_change` varchar(11)
,`problem_die` varchar(11)
,`problem_machine` varchar(11)
,`problem_material` varchar(11)
,`problem_production` varchar(11)
,`problem_qc` varchar(11)
,`pic_id` int(7)
);

-- --------------------------------------------------------

--
-- Stand-in structure for view `v_rework`
-- (See below for the actual view)
--
CREATE TABLE `v_rework` (
`id` int(11)
,`date` date
,`shift_name` varchar(20)
,`part_no` varchar(255)
,`part_name` varchar(255)
,`pcb_program` varchar(50)
,`lens_inspection` varchar(50)
,`active_alignment` varchar(50)
,`program_center` varchar(50)
,`laser_welding` varchar(50)
,`assy_pcb` varchar(50)
,`glue` varchar(50)
,`manual_focus` varchar(50)
,`assy` varchar(50)
,`air_leak_tester` varchar(50)
,`initialize` varchar(50)
,`current` varchar(50)
,`center_point` varchar(50)
,`rotate` varchar(50)
,`color` varchar(50)
,`reverse` varchar(50)
,`eiaj` varchar(50)
,`angle` varchar(50)
,`stain` varchar(50)
,`particle` varchar(50)
,`defect_pixel` varchar(50)
,`brightness` varchar(50)
,`ir_filter` varchar(50)
,`finalize` varchar(50)
,`sum_rework` double
);

-- --------------------------------------------------------

--
-- Stand-in structure for view `v_scrap`
-- (See below for the actual view)
--
CREATE TABLE `v_scrap` (
`id` int(11)
,`date` date
,`shift_name` varchar(20)
,`part_no` varchar(255)
,`part_name` varchar(255)
,`lens_inspection` varchar(15)
,`pcb_program` varchar(15)
,`assy_pcb` varchar(15)
,`glue` varchar(15)
,`manual_focus` varchar(15)
,`active_alignment` varchar(15)
,`program_center` varchar(15)
,`assy` varchar(15)
,`laser_welding` varchar(15)
,`air_leak_tester` varchar(15)
,`initialize` varchar(15)
,`current` varchar(15)
,`center_point` varchar(15)
,`rotate` varchar(15)
,`color` varchar(15)
,`reverse` varchar(15)
,`eiaj` varchar(15)
,`angle` varchar(15)
,`stain` varchar(15)
,`particle` varchar(15)
,`defect_pixel` varchar(15)
,`brightness` varchar(15)
,`ir_filter` varchar(15)
,`finalize` varchar(15)
,`result` varchar(15)
,`sum_scrap` double
);

-- --------------------------------------------------------

--
-- Structure for view `v_actual_seq`
--
DROP TABLE IF EXISTS `v_actual_seq`;

CREATE ALGORITHM=UNDEFINED DEFINER=`root`@`localhost` SQL SECURITY DEFINER VIEW `v_actual_seq`  AS  select `actual_sequence`.`date` AS `date`,`type_shift`.`shift_name` AS `shift_name`,`type_part_list`.`part_no` AS `part_no`,`type_part_list`.`part_name` AS `part_name`,`actual_sequence`.`qty_plan` AS `qty_plan`,`actual_sequence`.`end_time_plan` AS `end_time_plan`,`actual_sequence`.`start_time` AS `start_time`,`actual_sequence`.`end_time` AS `end_time`,`actual_sequence`.`actual_time` AS `actual_time`,`actual_sequence`.`qty_total` AS `qty_total`,`actual_sequence`.`gsph` AS `gsph`,`actual_sequence`.`total_dt` AS `total_dt`,`actual_sequence`.`dies_change` AS `dies_change`,`actual_sequence`.`dies_change_dt` AS `dies_change_dt`,`actual_sequence`.`no_production_dt` AS `no_production_dt`,`actual_sequence`.`production_dt` AS `production_dt` from ((`actual_sequence` join `type_shift` on(`actual_sequence`.`shift_id` = `type_shift`.`id`)) join `type_part_list` on(`actual_sequence`.`part_no_id` = `type_part_list`.`id`)) ;

-- --------------------------------------------------------

--
-- Structure for view `v_current_part`
--
DROP TABLE IF EXISTS `v_current_part`;

CREATE ALGORITHM=UNDEFINED DEFINER=`root`@`localhost` SQL SECURITY DEFINER VIEW `v_current_part`  AS  select `real_time`.`id` AS `id`,`real_time`.`date` AS `date`,`type_part_list`.`part_no` AS `part_no`,`type_part_list`.`part_name` AS `part_name`,`type_part_list`.`line` AS `line`,`type_part_list`.`model` AS `model`,`type_part_list`.`process` AS `process`,`type_part_list`.`cycle_time_sec` AS `cycle_time_sec`,`real_time`.`qty_rework` AS `qty_rework`,`real_time`.`qty_scrap` AS `qty_scrap`,`real_time`.`qty_ok` AS `qty_ok`,`real_time`.`gsph` AS `gsph`,`real_time`.`qty_total` AS `qty_total`,`type_shift`.`shift_name` AS `shift_name`,`real_time`.`qty_plan` AS `qty_plan`,`real_time`.`start_time` AS `start_time`,`real_time`.`max_speed` AS `max_speed`,`real_time`.`actual_speed` AS `actual_speed`,`real_time`.`speed_loss` AS `speed_loss`,`type_part_list`.`target_gsph` AS `target_gsph` from ((`real_time` join `type_shift` on(`real_time`.`shift_id` = `type_shift`.`id`)) join `type_part_list` on(`real_time`.`part_no_id` = `type_part_list`.`id`)) order by `real_time`.`id` desc limit 1 ;

-- --------------------------------------------------------

--
-- Structure for view `v_current_realtime`
--
DROP TABLE IF EXISTS `v_current_realtime`;

CREATE ALGORITHM=UNDEFINED DEFINER=`root`@`localhost` SQL SECURITY DEFINER VIEW `v_current_realtime`  AS  select `fp_real_time`.`id` AS `Id`,`fp_real_time`.`date` AS `date`,`fp_real_time`.`part_no_id` AS `part_no_id`,`fp_real_time`.`shift_id` AS `shift_id`,`fp_real_time`.`max_speed` AS `max_speed`,`fp_real_time`.`actual_speed` AS `actual_speed`,`fp_real_time`.`speed_loss` AS `speed_loss`,`fp_real_time`.`operation_state` AS `operation_state`,`fp_real_time`.`downtime_state` AS `downtime_state` from `fp_real_time` ;

-- --------------------------------------------------------

--
-- Structure for view `v_daily_availability`
--
DROP TABLE IF EXISTS `v_daily_availability`;

CREATE ALGORITHM=UNDEFINED DEFINER=`root`@`localhost` SQL SECURITY DEFINER VIEW `v_daily_availability`  AS  select `performance`.`id` AS `id`,`performance`.`date` AS `date`,`performance`.`time` AS `time`,`performance`.`shift_id` AS `shift_id`,`performance`.`part_no_id` AS `part_no_id`,`performance`.`availability` AS `current_avai` from (`performance` join `fp_average` on(`performance`.`date` = `fp_average`.`date`)) ;

-- --------------------------------------------------------

--
-- Structure for view `v_daily_gsph`
--
DROP TABLE IF EXISTS `v_daily_gsph`;

CREATE ALGORITHM=UNDEFINED DEFINER=`root`@`localhost` SQL SECURITY DEFINER VIEW `v_daily_gsph`  AS  select `performance`.`id` AS `id`,`performance`.`date` AS `date`,`performance`.`time` AS `time`,`performance`.`shift_id` AS `shift_id`,`performance`.`part_no_id` AS `part_no_id`,`performance`.`gsph` AS `current_gsph` from (`performance` join `fp_average` on(`performance`.`date` = `fp_average`.`date`)) ;

-- --------------------------------------------------------

--
-- Structure for view `v_daily_oee`
--
DROP TABLE IF EXISTS `v_daily_oee`;

CREATE ALGORITHM=UNDEFINED DEFINER=`root`@`localhost` SQL SECURITY DEFINER VIEW `v_daily_oee`  AS  select `performance`.`id` AS `id`,`performance`.`date` AS `date`,`performance`.`time` AS `time`,`performance`.`shift_id` AS `shift_id`,`performance`.`part_no_id` AS `part_no_id`,`performance`.`oee` AS `current_oee` from (`performance` join `fp_average` on(`performance`.`date` = `fp_average`.`date`)) ;

-- --------------------------------------------------------

--
-- Structure for view `v_daily_plan_achievement`
--
DROP TABLE IF EXISTS `v_daily_plan_achievement`;

CREATE ALGORITHM=UNDEFINED DEFINER=`root`@`localhost` SQL SECURITY DEFINER VIEW `v_daily_plan_achievement`  AS  select `performance`.`id` AS `id`,`performance`.`date` AS `date`,`performance`.`time` AS `time`,`performance`.`shift_id` AS `shift_id`,`performance`.`part_no_id` AS `part_no_id`,`performance`.`achievement` AS `current_achie` from (`performance` join `fp_average` on(`performance`.`date` = `fp_average`.`date`)) ;

-- --------------------------------------------------------

--
-- Structure for view `v_daily_speed`
--
DROP TABLE IF EXISTS `v_daily_speed`;

CREATE ALGORITHM=UNDEFINED DEFINER=`root`@`localhost` SQL SECURITY DEFINER VIEW `v_daily_speed`  AS  select `performance`.`id` AS `id`,`performance`.`date` AS `date`,`performance`.`time` AS `time`,`performance`.`shift_id` AS `shift_id`,`performance`.`part_no_id` AS `part_no_id`,`performance`.`speed` AS `current_speed` from (`performance` join `fp_average` on(`performance`.`date` = `fp_average`.`date`)) ;

-- --------------------------------------------------------

--
-- Structure for view `v_daily_utilization`
--
DROP TABLE IF EXISTS `v_daily_utilization`;

CREATE ALGORITHM=UNDEFINED DEFINER=`root`@`localhost` SQL SECURITY DEFINER VIEW `v_daily_utilization`  AS  select `performance`.`id` AS `id`,`performance`.`date` AS `date`,`performance`.`time` AS `time`,`performance`.`shift_id` AS `shift_id`,`performance`.`part_no_id` AS `part_no_id`,`performance`.`utilization` AS `current_uti` from (`performance` join `fp_average` on(`performance`.`date` = `fp_average`.`date`)) ;

-- --------------------------------------------------------

--
-- Structure for view `v_daily_yield`
--
DROP TABLE IF EXISTS `v_daily_yield`;

CREATE ALGORITHM=UNDEFINED DEFINER=`root`@`localhost` SQL SECURITY DEFINER VIEW `v_daily_yield`  AS  select `performance`.`id` AS `id`,`performance`.`date` AS `date`,`performance`.`time` AS `time`,`performance`.`shift_id` AS `shift_id`,`performance`.`part_no_id` AS `part_no_id`,`performance`.`yield` AS `current_yield` from (`performance` join `fp_average` on(`performance`.`date` = `fp_average`.`date`)) ;

-- --------------------------------------------------------

--
-- Structure for view `v_downtime_report`
--
DROP TABLE IF EXISTS `v_downtime_report`;

CREATE ALGORITHM=UNDEFINED DEFINER=`root`@`localhost` SQL SECURITY DEFINER VIEW `v_downtime_report`  AS  select `downtime_report`.`date` AS `date`,ifnull(`type_shift`.`shift_name`,'-') AS `shift_name`,ifnull(`type_part_list`.`part_no`,'-') AS `part_no`,ifnull(`type_part_list`.`part_name`,'-') AS `part_name`,`downtime_report`.`time` AS `start_time`,`downtime_report`.`downtime_period` AS `downtime_period`,ifnull(`type_dies_change_downtime`.`dies_change_downtime`,'-') AS `dies_change_downtime`,ifnull(`type_die_downtime`.`die_downtime`,'-') AS `die_downtime`,ifnull(`type_machine_downtime`.`machine_downtime_cause`,'-') AS `machine_downtime_cause`,ifnull(`type_material_downtime`.`material_downtime`,'-') AS `material_downtime`,ifnull(`type_production_downtime`.`production_downtime`,'-') AS `production_downtime`,ifnull(`type_qc_downtime`.`qc_downtime`,'-') AS `qc_downtime`,ifnull(`type_department`.`department_name`,NULL) AS `department_name` from (((((((((`downtime_report` left join `type_part_list` on(`downtime_report`.`part_no_id` = `type_part_list`.`id`)) left join `type_shift` on(`downtime_report`.`shift_id` = `type_shift`.`id`)) left join `type_dies_change_downtime` on(`downtime_report`.`problem_dies_change` = `type_dies_change_downtime`.`id`)) left join `type_die_downtime` on(`downtime_report`.`problem_die` = `type_die_downtime`.`id`)) left join `type_machine_downtime` on(`downtime_report`.`problem_machine` = `type_machine_downtime`.`id`)) left join `type_material_downtime` on(`downtime_report`.`problem_material` = `type_material_downtime`.`id`)) left join `type_production_downtime` on(`downtime_report`.`problem_production` = `type_production_downtime`.`id`)) left join `type_qc_downtime` on(`downtime_report`.`problem_qc` = `type_qc_downtime`.`id`)) left join `type_department` on(`downtime_report`.`pic_id` = `type_department`.`id`)) ;

-- --------------------------------------------------------

--
-- Structure for view `v_front_panel`
--
DROP TABLE IF EXISTS `v_front_panel`;

CREATE ALGORITHM=UNDEFINED DEFINER=`root`@`localhost` SQL SECURITY DEFINER VIEW `v_front_panel`  AS  select `real_time`.`date` AS `date`,`real_time`.`shift_id` AS `shift_id`,`real_time`.`part_no_id` AS `part_no_id`,sum(time_to_sec(ifnull(`real_time`.`plan_production`,0))) AS `plan_production`,sum(time_to_sec(ifnull(`real_time`.`no_production`,0))) AS `no_production`,sum(time_to_sec(ifnull(`real_time`.`dies_change`,0))) AS `dies_change`,sum(time_to_sec(ifnull(`real_time`.`production_dt`,0))) AS `production_dt`,sum(time_to_sec(ifnull(`real_time`.`dies_change_dt`,0))) AS `dies_change_dt`,sum(time_to_sec(ifnull(`real_time`.`machine_dt`,0))) AS `machine_dt`,sum(time_to_sec(ifnull(`real_time`.`dies_dt`,0))) AS `dies_dt`,sum(time_to_sec(ifnull(`real_time`.`quality_dt`,0))) AS `quality_dt`,sum(time_to_sec(ifnull(`real_time`.`material_dt`,0))) AS `material_dt`,`real_time`.`qty_plan` AS `qty_plan` from (`real_time` join `fp_setting` on(`real_time`.`date` = `fp_setting`.`date` and `real_time`.`part_no_id` = `fp_setting`.`part_no_id` and `real_time`.`shift_id` = `fp_setting`.`shift_id`)) ;

-- --------------------------------------------------------

--
-- Structure for view `v_realtime`
--
DROP TABLE IF EXISTS `v_realtime`;

CREATE ALGORITHM=UNDEFINED DEFINER=`root`@`localhost` SQL SECURITY DEFINER VIEW `v_realtime`  AS  select `real_time`.`date` AS `date`,sum(`real_time`.`plan_production`) AS `plan_production`,sum(`real_time`.`no_production`) AS `no_production`,sum(`real_time`.`dies_change`) AS `dies_change`,sum(`real_time`.`production_dt`) AS `production_dt`,sum(`real_time`.`dies_change_dt`) AS `dies_change_dt`,sum(`real_time`.`machine_dt`) AS `machine_dt`,sum(`real_time`.`dies_dt`) AS `dies_dt`,sum(`real_time`.`quality_dt`) AS `quality_dt`,sum(`real_time`.`material_dt`) AS `material_dt`,sum(`real_time`.`qty_plan`) AS `qty_plan`,sum(`real_time`.`qty_total`) AS `qty_total`,sum(`real_time`.`qty_ok`) AS `qty_ok`,sum(`real_time`.`qty_reject`) AS `qty_reject`,sum(`real_time`.`good_footage`) AS `good_footage`,sum(`real_time`.`rejection_footage`) AS `rejection_footage`,sum(`real_time`.`total_dt`) AS `total_dt`,sum(`real_time`.`start_time`) AS `start_time`,sum(`real_time`.`qty_rework`) AS `qty_rework`,sum(`real_time`.`qty_scrap`) AS `qty_scrap`,max(`real_time`.`gsph`) AS `gsph`,sum(`real_time`.`max_speed`) AS `max_speed`,sum(`real_time`.`actual_speed`) AS `actual_speed`,sum(`real_time`.`speed_loss`) AS `speed_loss` from (`real_time` join `fp_real_time` on(`real_time`.`date` = `fp_real_time`.`date`)) ;

-- --------------------------------------------------------

--
-- Structure for view `v_rest_dt_report`
--
DROP TABLE IF EXISTS `v_rest_dt_report`;

CREATE ALGORITHM=UNDEFINED DEFINER=`root`@`localhost` SQL SECURITY DEFINER VIEW `v_rest_dt_report`  AS  select `downtime_report`.`id` AS `id`,`downtime_report`.`date` AS `date`,`downtime_report`.`part_no_id` AS `part_no_id`,`downtime_report`.`shift_id` AS `shift_id`,`downtime_report`.`time` AS `time`,`downtime_report`.`downtime_period` AS `downtime_period`,ifnull(`downtime_report`.`problem_dies_change`,'-') AS `problem_dies_change`,ifnull(`downtime_report`.`problem_die`,'-') AS `problem_die`,ifnull(`downtime_report`.`problem_machine`,'-') AS `problem_machine`,ifnull(`downtime_report`.`problem_material`,'-') AS `problem_material`,ifnull(`downtime_report`.`problem_production`,'-') AS `problem_production`,ifnull(`downtime_report`.`problem_qc`,'-') AS `problem_qc`,`downtime_report`.`pic_id` AS `pic_id` from `downtime_report` order by `downtime_report`.`id` ;

-- --------------------------------------------------------

--
-- Structure for view `v_rework`
--
DROP TABLE IF EXISTS `v_rework`;

CREATE ALGORITHM=UNDEFINED DEFINER=`root`@`localhost` SQL SECURITY DEFINER VIEW `v_rework`  AS  select `rework_report`.`id` AS `id`,`rework_report`.`date` AS `date`,ifnull(`type_shift`.`shift_name`,'-') AS `shift_name`,ifnull(`type_part_list`.`part_no`,NULL) AS `part_no`,ifnull(`type_part_list`.`part_name`,NULL) AS `part_name`,`rework_report`.`pcb_program` AS `pcb_program`,`rework_report`.`lens_inspection` AS `lens_inspection`,`rework_report`.`active_alignment` AS `active_alignment`,`rework_report`.`program_center` AS `program_center`,`rework_report`.`laser_welding` AS `laser_welding`,`rework_report`.`assy_pcb` AS `assy_pcb`,`rework_report`.`glue` AS `glue`,`rework_report`.`manual_focus` AS `manual_focus`,`rework_report`.`assy` AS `assy`,`rework_report`.`air_leak_tester` AS `air_leak_tester`,`rework_report`.`initialize` AS `initialize`,`rework_report`.`current` AS `current`,`rework_report`.`center_point` AS `center_point`,`rework_report`.`rotate` AS `rotate`,`rework_report`.`color` AS `color`,`rework_report`.`reverse` AS `reverse`,`rework_report`.`eiaj` AS `eiaj`,`rework_report`.`angle` AS `angle`,`rework_report`.`stain` AS `stain`,`rework_report`.`particle` AS `particle`,`rework_report`.`defect_pixel` AS `defect_pixel`,`rework_report`.`brightness` AS `brightness`,`rework_report`.`ir_filter` AS `ir_filter`,`rework_report`.`finalize` AS `finalize`,sum(`rework_report`.`pcb_program`) + sum(`rework_report`.`lens_inspection`) + sum(`rework_report`.`active_alignment`) + sum(`rework_report`.`program_center`) + sum(`rework_report`.`laser_welding`) + sum(`rework_report`.`assy_pcb`) + sum(`rework_report`.`glue`) + sum(`rework_report`.`manual_focus`) + sum(`rework_report`.`assy`) + sum(`rework_report`.`air_leak_tester`) + sum(`rework_report`.`initialize`) + sum(`rework_report`.`current`) + sum(`rework_report`.`center_point`) + sum(`rework_report`.`rotate`) + sum(`rework_report`.`color`) + sum(`rework_report`.`reverse`) + sum(`rework_report`.`eiaj`) + sum(`rework_report`.`angle`) + sum(`rework_report`.`stain`) + sum(`rework_report`.`particle`) + sum(`rework_report`.`defect_pixel`) + sum(`rework_report`.`brightness`) + sum(`rework_report`.`ir_filter`) + sum(`rework_report`.`finalize`) AS `sum_rework` from ((`rework_report` join `type_part_list` on(`rework_report`.`part_no_id` = `type_part_list`.`id`)) join `type_shift` on(`rework_report`.`shift_id` = `type_shift`.`id`)) group by `rework_report`.`id` ;

-- --------------------------------------------------------

--
-- Structure for view `v_scrap`
--
DROP TABLE IF EXISTS `v_scrap`;

CREATE ALGORITHM=UNDEFINED DEFINER=`root`@`localhost` SQL SECURITY DEFINER VIEW `v_scrap`  AS  select `scrap_report`.`id` AS `id`,`scrap_report`.`date` AS `date`,ifnull(`type_shift`.`shift_name`,'-') AS `shift_name`,ifnull(`type_part_list`.`part_no`,NULL) AS `part_no`,ifnull(`type_part_list`.`part_name`,NULL) AS `part_name`,`scrap_report`.`lens_inspection` AS `lens_inspection`,`scrap_report`.`pcb_program` AS `pcb_program`,`scrap_report`.`assy_pcb` AS `assy_pcb`,`scrap_report`.`glue` AS `glue`,`scrap_report`.`manual_focus` AS `manual_focus`,`scrap_report`.`active_alignment` AS `active_alignment`,`scrap_report`.`program_center` AS `program_center`,`scrap_report`.`assy` AS `assy`,`scrap_report`.`laser_welding` AS `laser_welding`,`scrap_report`.`air_leak_tester` AS `air_leak_tester`,`scrap_report`.`initialize` AS `initialize`,`scrap_report`.`current` AS `current`,`scrap_report`.`center_point` AS `center_point`,`scrap_report`.`rotate` AS `rotate`,`scrap_report`.`color` AS `color`,`scrap_report`.`reverse` AS `reverse`,`scrap_report`.`eiaj` AS `eiaj`,`scrap_report`.`angle` AS `angle`,`scrap_report`.`stain` AS `stain`,`scrap_report`.`particle` AS `particle`,`scrap_report`.`defect_pixel` AS `defect_pixel`,`scrap_report`.`brightness` AS `brightness`,`scrap_report`.`ir_filter` AS `ir_filter`,`scrap_report`.`finalize` AS `finalize`,`scrap_report`.`result` AS `result`,sum(`scrap_report`.`pcb_program`) + sum(`scrap_report`.`lens_inspection`) + sum(`scrap_report`.`active_alignment`) + sum(`scrap_report`.`program_center`) + sum(`scrap_report`.`laser_welding`) + sum(`scrap_report`.`assy_pcb`) + sum(`scrap_report`.`glue`) + sum(`scrap_report`.`manual_focus`) + sum(`scrap_report`.`assy`) + sum(`scrap_report`.`air_leak_tester`) + sum(`scrap_report`.`result`) AS `sum_scrap` from ((`scrap_report` join `type_part_list` on(`scrap_report`.`part_no_id` = `type_part_list`.`id`)) join `type_shift` on(`scrap_report`.`shift_id` = `type_shift`.`id`)) group by `scrap_report`.`id` ;

--
-- Indexes for dumped tables
--

--
-- Indexes for table `actual_sequence`
--
ALTER TABLE `actual_sequence`
  ADD PRIMARY KEY (`id`),
  ADD KEY `part_no_id` (`part_no_id`),
  ADD KEY `shift_id` (`shift_id`);

--
-- Indexes for table `daily_availability`
--
ALTER TABLE `daily_availability`
  ADD PRIMARY KEY (`id`),
  ADD KEY `shift_id` (`shift_id`),
  ADD KEY `part_no_id` (`part_no_id`);

--
-- Indexes for table `daily_gsph`
--
ALTER TABLE `daily_gsph`
  ADD PRIMARY KEY (`id`),
  ADD KEY `shift_id` (`shift_id`,`part_no_id`),
  ADD KEY `part_no_id` (`part_no_id`);

--
-- Indexes for table `daily_oee`
--
ALTER TABLE `daily_oee`
  ADD PRIMARY KEY (`id`),
  ADD KEY `shift_id` (`shift_id`),
  ADD KEY `part_no_id` (`part_no_id`);

--
-- Indexes for table `daily_plan_achievement`
--
ALTER TABLE `daily_plan_achievement`
  ADD PRIMARY KEY (`id`),
  ADD KEY `shift_id` (`shift_id`),
  ADD KEY `part_no_id` (`part_no_id`);

--
-- Indexes for table `daily_speed`
--
ALTER TABLE `daily_speed`
  ADD PRIMARY KEY (`id`),
  ADD KEY `part_no_id` (`part_no_id`),
  ADD KEY `shift_id` (`shift_id`);

--
-- Indexes for table `daily_utilization`
--
ALTER TABLE `daily_utilization`
  ADD PRIMARY KEY (`id`),
  ADD KEY `shift_id` (`shift_id`),
  ADD KEY `part_no_id` (`part_no_id`);

--
-- Indexes for table `daily_yield`
--
ALTER TABLE `daily_yield`
  ADD PRIMARY KEY (`id`),
  ADD KEY `shift_id` (`shift_id`),
  ADD KEY `part_no_id` (`part_no_id`);

--
-- Indexes for table `downtime_report`
--
ALTER TABLE `downtime_report`
  ADD PRIMARY KEY (`id`),
  ADD KEY `shift_id` (`shift_id`),
  ADD KEY `problem_dies_change` (`problem_dies_change`),
  ADD KEY `problem_machine` (`problem_machine`),
  ADD KEY `problem_material` (`problem_material`),
  ADD KEY `problem_production` (`problem_production`),
  ADD KEY `problem_qc` (`problem_qc`),
  ADD KEY `pic_id` (`pic_id`),
  ADD KEY `part_no_id` (`part_no_id`) USING BTREE,
  ADD KEY `problem_die` (`problem_die`) USING BTREE;

--
-- Indexes for table `fp_average`
--
ALTER TABLE `fp_average`
  ADD PRIMARY KEY (`id`);

--
-- Indexes for table `fp_dt_daily`
--
ALTER TABLE `fp_dt_daily`
  ADD PRIMARY KEY (`id`);

--
-- Indexes for table `fp_real_time`
--
ALTER TABLE `fp_real_time`
  ADD KEY `part_no_id` (`part_no_id`),
  ADD KEY `shift_id` (`shift_id`);

--
-- Indexes for table `fp_setting`
--
ALTER TABLE `fp_setting`
  ADD PRIMARY KEY (`id`);

--
-- Indexes for table `machine_info`
--
ALTER TABLE `machine_info`
  ADD PRIMARY KEY (`id`);

--
-- Indexes for table `performance`
--
ALTER TABLE `performance`
  ADD PRIMARY KEY (`id`),
  ADD KEY `shift_id` (`shift_id`),
  ADD KEY `part_no_id` (`part_no_id`);

--
-- Indexes for table `realtime_average`
--
ALTER TABLE `realtime_average`
  ADD PRIMARY KEY (`id`),
  ADD KEY `shift_id` (`shift_id`);

--
-- Indexes for table `real_time`
--
ALTER TABLE `real_time`
  ADD PRIMARY KEY (`id`),
  ADD KEY `part_no_id` (`part_no_id`),
  ADD KEY `shift_id` (`shift_id`);

--
-- Indexes for table `rework_report`
--
ALTER TABLE `rework_report`
  ADD PRIMARY KEY (`id`),
  ADD KEY `shift_id` (`shift_id`),
  ADD KEY `part_no_id` (`part_no_id`);

--
-- Indexes for table `scrap_report`
--
ALTER TABLE `scrap_report`
  ADD PRIMARY KEY (`id`),
  ADD KEY `shift_id` (`shift_id`),
  ADD KEY `part_no_id` (`part_no_id`);

--
-- Indexes for table `type_defect`
--
ALTER TABLE `type_defect`
  ADD PRIMARY KEY (`id`);

--
-- Indexes for table `type_department`
--
ALTER TABLE `type_department`
  ADD PRIMARY KEY (`id`);

--
-- Indexes for table `type_dies_change_downtime`
--
ALTER TABLE `type_dies_change_downtime`
  ADD PRIMARY KEY (`id`),
  ADD KEY `department_id` (`department_id`);

--
-- Indexes for table `type_die_downtime`
--
ALTER TABLE `type_die_downtime`
  ADD PRIMARY KEY (`id`),
  ADD KEY `department_id` (`department_id`);

--
-- Indexes for table `type_machine_downtime`
--
ALTER TABLE `type_machine_downtime`
  ADD PRIMARY KEY (`id`),
  ADD KEY `department_id` (`department_id`);

--
-- Indexes for table `type_material_downtime`
--
ALTER TABLE `type_material_downtime`
  ADD PRIMARY KEY (`id`),
  ADD KEY `department_id` (`department_id`);

--
-- Indexes for table `type_part_list`
--
ALTER TABLE `type_part_list`
  ADD PRIMARY KEY (`id`);

--
-- Indexes for table `type_pattern`
--
ALTER TABLE `type_pattern`
  ADD PRIMARY KEY (`id`);

--
-- Indexes for table `type_production_downtime`
--
ALTER TABLE `type_production_downtime`
  ADD PRIMARY KEY (`id`),
  ADD KEY `department_id` (`department_id`);

--
-- Indexes for table `type_qc_downtime`
--
ALTER TABLE `type_qc_downtime`
  ADD PRIMARY KEY (`id`),
  ADD KEY `department_id` (`department_id`);

--
-- Indexes for table `type_role`
--
ALTER TABLE `type_role`
  ADD PRIMARY KEY (`id`);

--
-- Indexes for table `type_shift`
--
ALTER TABLE `type_shift`
  ADD PRIMARY KEY (`id`);

--
-- Indexes for table `users`
--
ALTER TABLE `users`
  ADD PRIMARY KEY (`id`),
  ADD KEY `role_id` (`role_id`) USING BTREE;

--
-- AUTO_INCREMENT for dumped tables
--

--
-- AUTO_INCREMENT for table `actual_sequence`
--
ALTER TABLE `actual_sequence`
  MODIFY `id` int(11) NOT NULL AUTO_INCREMENT, AUTO_INCREMENT=14;

--
-- AUTO_INCREMENT for table `daily_availability`
--
ALTER TABLE `daily_availability`
  MODIFY `id` int(11) NOT NULL AUTO_INCREMENT, AUTO_INCREMENT=14;

--
-- AUTO_INCREMENT for table `daily_gsph`
--
ALTER TABLE `daily_gsph`
  MODIFY `id` int(11) NOT NULL AUTO_INCREMENT, AUTO_INCREMENT=14;

--
-- AUTO_INCREMENT for table `daily_oee`
--
ALTER TABLE `daily_oee`
  MODIFY `id` int(11) NOT NULL AUTO_INCREMENT, AUTO_INCREMENT=14;

--
-- AUTO_INCREMENT for table `daily_plan_achievement`
--
ALTER TABLE `daily_plan_achievement`
  MODIFY `id` int(11) NOT NULL AUTO_INCREMENT, AUTO_INCREMENT=14;

--
-- AUTO_INCREMENT for table `daily_speed`
--
ALTER TABLE `daily_speed`
  MODIFY `id` int(11) NOT NULL AUTO_INCREMENT, AUTO_INCREMENT=14;

--
-- AUTO_INCREMENT for table `daily_utilization`
--
ALTER TABLE `daily_utilization`
  MODIFY `id` int(11) NOT NULL AUTO_INCREMENT, AUTO_INCREMENT=14;

--
-- AUTO_INCREMENT for table `daily_yield`
--
ALTER TABLE `daily_yield`
  MODIFY `id` int(11) NOT NULL AUTO_INCREMENT, AUTO_INCREMENT=14;

--
-- AUTO_INCREMENT for table `downtime_report`
--
ALTER TABLE `downtime_report`
  MODIFY `id` int(11) NOT NULL AUTO_INCREMENT, AUTO_INCREMENT=50;

--
-- AUTO_INCREMENT for table `fp_average`
--
ALTER TABLE `fp_average`
  MODIFY `id` int(11) NOT NULL AUTO_INCREMENT, AUTO_INCREMENT=5;

--
-- AUTO_INCREMENT for table `fp_dt_daily`
--
ALTER TABLE `fp_dt_daily`
  MODIFY `id` int(11) NOT NULL AUTO_INCREMENT, AUTO_INCREMENT=4;

--
-- AUTO_INCREMENT for table `fp_setting`
--
ALTER TABLE `fp_setting`
  MODIFY `id` int(11) NOT NULL AUTO_INCREMENT, AUTO_INCREMENT=3;

--
-- AUTO_INCREMENT for table `machine_info`
--
ALTER TABLE `machine_info`
  MODIFY `id` int(11) NOT NULL AUTO_INCREMENT;

--
-- AUTO_INCREMENT for table `performance`
--
ALTER TABLE `performance`
  MODIFY `id` int(11) NOT NULL AUTO_INCREMENT, AUTO_INCREMENT=250;

--
-- AUTO_INCREMENT for table `realtime_average`
--
ALTER TABLE `realtime_average`
  MODIFY `id` int(11) NOT NULL AUTO_INCREMENT, AUTO_INCREMENT=756;

--
-- AUTO_INCREMENT for table `real_time`
--
ALTER TABLE `real_time`
  MODIFY `id` int(11) NOT NULL AUTO_INCREMENT, AUTO_INCREMENT=14;

--
-- AUTO_INCREMENT for table `rework_report`
--
ALTER TABLE `rework_report`
  MODIFY `id` int(11) NOT NULL AUTO_INCREMENT;

--
-- AUTO_INCREMENT for table `scrap_report`
--
ALTER TABLE `scrap_report`
  MODIFY `id` int(11) NOT NULL AUTO_INCREMENT, AUTO_INCREMENT=7;

--
-- AUTO_INCREMENT for table `type_defect`
--
ALTER TABLE `type_defect`
  MODIFY `id` int(11) NOT NULL AUTO_INCREMENT, AUTO_INCREMENT=25;

--
-- AUTO_INCREMENT for table `type_department`
--
ALTER TABLE `type_department`
  MODIFY `id` int(7) NOT NULL AUTO_INCREMENT, AUTO_INCREMENT=7;

--
-- AUTO_INCREMENT for table `type_dies_change_downtime`
--
ALTER TABLE `type_dies_change_downtime`
  MODIFY `id` int(11) NOT NULL AUTO_INCREMENT, AUTO_INCREMENT=6;

--
-- AUTO_INCREMENT for table `type_die_downtime`
--
ALTER TABLE `type_die_downtime`
  MODIFY `id` int(11) NOT NULL AUTO_INCREMENT, AUTO_INCREMENT=29;

--
-- AUTO_INCREMENT for table `type_machine_downtime`
--
ALTER TABLE `type_machine_downtime`
  MODIFY `id` int(11) NOT NULL AUTO_INCREMENT, AUTO_INCREMENT=53;

--
-- AUTO_INCREMENT for table `type_material_downtime`
--
ALTER TABLE `type_material_downtime`
  MODIFY `id` int(11) NOT NULL AUTO_INCREMENT, AUTO_INCREMENT=9;

--
-- AUTO_INCREMENT for table `type_part_list`
--
ALTER TABLE `type_part_list`
  MODIFY `id` int(11) NOT NULL AUTO_INCREMENT, AUTO_INCREMENT=49;

--
-- AUTO_INCREMENT for table `type_pattern`
--
ALTER TABLE `type_pattern`
  MODIFY `id` int(11) NOT NULL AUTO_INCREMENT, AUTO_INCREMENT=6;

--
-- AUTO_INCREMENT for table `type_production_downtime`
--
ALTER TABLE `type_production_downtime`
  MODIFY `id` int(11) NOT NULL AUTO_INCREMENT, AUTO_INCREMENT=34;

--
-- AUTO_INCREMENT for table `type_qc_downtime`
--
ALTER TABLE `type_qc_downtime`
  MODIFY `id` int(11) NOT NULL AUTO_INCREMENT, AUTO_INCREMENT=4;

--
-- AUTO_INCREMENT for table `type_role`
--
ALTER TABLE `type_role`
  MODIFY `id` int(11) NOT NULL AUTO_INCREMENT, AUTO_INCREMENT=4;

--
-- AUTO_INCREMENT for table `type_shift`
--
ALTER TABLE `type_shift`
  MODIFY `id` int(11) NOT NULL AUTO_INCREMENT, AUTO_INCREMENT=4;

--
-- AUTO_INCREMENT for table `users`
--
ALTER TABLE `users`
  MODIFY `id` int(11) NOT NULL AUTO_INCREMENT, AUTO_INCREMENT=3;

--
-- Constraints for dumped tables
--

--
-- Constraints for table `actual_sequence`
--
ALTER TABLE `actual_sequence`
  ADD CONSTRAINT `actual_sequence_ibfk_2` FOREIGN KEY (`part_no_id`) REFERENCES `type_part_list` (`id`),
  ADD CONSTRAINT `actual_sequence_ibfk_3` FOREIGN KEY (`shift_id`) REFERENCES `type_shift` (`id`);

--
-- Constraints for table `daily_availability`
--
ALTER TABLE `daily_availability`
  ADD CONSTRAINT `daily_availability_ibfk_1` FOREIGN KEY (`shift_id`) REFERENCES `type_shift` (`id`),
  ADD CONSTRAINT `daily_availability_ibfk_2` FOREIGN KEY (`part_no_id`) REFERENCES `type_part_list` (`id`);

--
-- Constraints for table `daily_gsph`
--
ALTER TABLE `daily_gsph`
  ADD CONSTRAINT `daily_gsph_ibfk_1` FOREIGN KEY (`part_no_id`) REFERENCES `type_part_list` (`id`),
  ADD CONSTRAINT `daily_gsph_ibfk_2` FOREIGN KEY (`shift_id`) REFERENCES `type_shift` (`id`);

--
-- Constraints for table `daily_oee`
--
ALTER TABLE `daily_oee`
  ADD CONSTRAINT `daily_oee_ibfk_1` FOREIGN KEY (`shift_id`) REFERENCES `type_shift` (`id`),
  ADD CONSTRAINT `daily_oee_ibfk_2` FOREIGN KEY (`part_no_id`) REFERENCES `type_part_list` (`id`);

--
-- Constraints for table `daily_plan_achievement`
--
ALTER TABLE `daily_plan_achievement`
  ADD CONSTRAINT `daily_plan_achievement_ibfk_1` FOREIGN KEY (`shift_id`) REFERENCES `type_shift` (`id`),
  ADD CONSTRAINT `daily_plan_achievement_ibfk_2` FOREIGN KEY (`part_no_id`) REFERENCES `type_part_list` (`id`);

--
-- Constraints for table `daily_speed`
--
ALTER TABLE `daily_speed`
  ADD CONSTRAINT `daily_speed_ibfk_1` FOREIGN KEY (`part_no_id`) REFERENCES `type_part_list` (`id`),
  ADD CONSTRAINT `daily_speed_ibfk_2` FOREIGN KEY (`shift_id`) REFERENCES `type_shift` (`id`);

--
-- Constraints for table `daily_utilization`
--
ALTER TABLE `daily_utilization`
  ADD CONSTRAINT `daily_utilization_ibfk_1` FOREIGN KEY (`shift_id`) REFERENCES `type_shift` (`id`),
  ADD CONSTRAINT `daily_utilization_ibfk_2` FOREIGN KEY (`part_no_id`) REFERENCES `type_part_list` (`id`);

--
-- Constraints for table `daily_yield`
--
ALTER TABLE `daily_yield`
  ADD CONSTRAINT `daily_yield_ibfk_1` FOREIGN KEY (`shift_id`) REFERENCES `type_shift` (`id`),
  ADD CONSTRAINT `daily_yield_ibfk_2` FOREIGN KEY (`part_no_id`) REFERENCES `type_part_list` (`id`);

--
-- Constraints for table `downtime_report`
--
ALTER TABLE `downtime_report`
  ADD CONSTRAINT `downtime_report_ibfk_1` FOREIGN KEY (`part_no_id`) REFERENCES `type_part_list` (`id`),
  ADD CONSTRAINT `downtime_report_ibfk_2` FOREIGN KEY (`pic_id`) REFERENCES `type_department` (`id`),
  ADD CONSTRAINT `downtime_report_ibfk_3` FOREIGN KEY (`shift_id`) REFERENCES `type_shift` (`id`),
  ADD CONSTRAINT `downtime_report_ibfk_4` FOREIGN KEY (`problem_dies_change`) REFERENCES `type_dies_change_downtime` (`id`),
  ADD CONSTRAINT `downtime_report_ibfk_5` FOREIGN KEY (`problem_die`) REFERENCES `type_die_downtime` (`id`),
  ADD CONSTRAINT `downtime_report_ibfk_6` FOREIGN KEY (`problem_machine`) REFERENCES `type_machine_downtime` (`id`),
  ADD CONSTRAINT `downtime_report_ibfk_7` FOREIGN KEY (`problem_material`) REFERENCES `type_material_downtime` (`id`),
  ADD CONSTRAINT `downtime_report_ibfk_8` FOREIGN KEY (`problem_production`) REFERENCES `type_production_downtime` (`id`),
  ADD CONSTRAINT `downtime_report_ibfk_9` FOREIGN KEY (`problem_qc`) REFERENCES `type_qc_downtime` (`id`);

--
-- Constraints for table `fp_real_time`
--
ALTER TABLE `fp_real_time`
  ADD CONSTRAINT `fp_real_time_ibfk_1` FOREIGN KEY (`part_no_id`) REFERENCES `type_part_list` (`id`),
  ADD CONSTRAINT `fp_real_time_ibfk_2` FOREIGN KEY (`shift_id`) REFERENCES `type_shift` (`id`);

--
-- Constraints for table `performance`
--
ALTER TABLE `performance`
  ADD CONSTRAINT `performance_ibfk_1` FOREIGN KEY (`shift_id`) REFERENCES `type_shift` (`id`),
  ADD CONSTRAINT `performance_ibfk_2` FOREIGN KEY (`part_no_id`) REFERENCES `type_part_list` (`id`);

--
-- Constraints for table `realtime_average`
--
ALTER TABLE `realtime_average`
  ADD CONSTRAINT `realtime_average_ibfk_1` FOREIGN KEY (`shift_id`) REFERENCES `type_shift` (`id`);

--
-- Constraints for table `real_time`
--
ALTER TABLE `real_time`
  ADD CONSTRAINT `real_time_ibfk_1` FOREIGN KEY (`part_no_id`) REFERENCES `type_part_list` (`id`),
  ADD CONSTRAINT `real_time_ibfk_2` FOREIGN KEY (`shift_id`) REFERENCES `type_shift` (`id`);

--
-- Constraints for table `rework_report`
--
ALTER TABLE `rework_report`
  ADD CONSTRAINT `rework_report_ibfk_1` FOREIGN KEY (`part_no_id`) REFERENCES `type_part_list` (`id`),
  ADD CONSTRAINT `rework_report_ibfk_2` FOREIGN KEY (`shift_id`) REFERENCES `type_shift` (`id`);

--
-- Constraints for table `scrap_report`
--
ALTER TABLE `scrap_report`
  ADD CONSTRAINT `scrap_report_ibfk_1` FOREIGN KEY (`part_no_id`) REFERENCES `type_part_list` (`id`),
  ADD CONSTRAINT `scrap_report_ibfk_2` FOREIGN KEY (`shift_id`) REFERENCES `type_shift` (`id`);

--
-- Constraints for table `type_dies_change_downtime`
--
ALTER TABLE `type_dies_change_downtime`
  ADD CONSTRAINT `type_dies_change_downtime_ibfk_1` FOREIGN KEY (`department_id`) REFERENCES `type_department` (`id`);

--
-- Constraints for table `type_die_downtime`
--
ALTER TABLE `type_die_downtime`
  ADD CONSTRAINT `type_die_downtime_ibfk_1` FOREIGN KEY (`department_id`) REFERENCES `type_department` (`id`);

--
-- Constraints for table `type_machine_downtime`
--
ALTER TABLE `type_machine_downtime`
  ADD CONSTRAINT `type_machine_downtime_ibfk_1` FOREIGN KEY (`department_id`) REFERENCES `type_department` (`id`);

--
-- Constraints for table `type_material_downtime`
--
ALTER TABLE `type_material_downtime`
  ADD CONSTRAINT `type_material_downtime_ibfk_1` FOREIGN KEY (`department_id`) REFERENCES `type_department` (`id`);

--
-- Constraints for table `type_production_downtime`
--
ALTER TABLE `type_production_downtime`
  ADD CONSTRAINT `type_production_downtime_ibfk_1` FOREIGN KEY (`department_id`) REFERENCES `type_department` (`id`);

--
-- Constraints for table `type_qc_downtime`
--
ALTER TABLE `type_qc_downtime`
  ADD CONSTRAINT `type_qc_downtime_ibfk_1` FOREIGN KEY (`department_id`) REFERENCES `type_department` (`id`);

--
-- Constraints for table `users`
--
ALTER TABLE `users`
  ADD CONSTRAINT `users_ibfk_1` FOREIGN KEY (`role_id`) REFERENCES `type_role` (`id`);
COMMIT;

/*!40101 SET CHARACTER_SET_CLIENT=@OLD_CHARACTER_SET_CLIENT */;
/*!40101 SET CHARACTER_SET_RESULTS=@OLD_CHARACTER_SET_RESULTS */;
/*!40101 SET COLLATION_CONNECTION=@OLD_COLLATION_CONNECTION */;
