-- phpMyAdmin SQL Dump
-- version 5.0.1
-- https://www.phpmyadmin.net/
--
-- Host: 127.0.0.1
-- Generation Time: Dec 04, 2020 at 05:16 AM
-- Server version: 10.4.11-MariaDB
-- PHP Version: 7.4.3

SET SQL_MODE = "NO_AUTO_VALUE_ON_ZERO";
SET AUTOCOMMIT = 0;
START TRANSACTION;
SET time_zone = "+00:00";


/*!40101 SET @OLD_CHARACTER_SET_CLIENT=@@CHARACTER_SET_CLIENT */;
/*!40101 SET @OLD_CHARACTER_SET_RESULTS=@@CHARACTER_SET_RESULTS */;
/*!40101 SET @OLD_COLLATION_CONNECTION=@@COLLATION_CONNECTION */;
/*!40101 SET NAMES utf8mb4 */;

--
-- Database: `delloydadas`
--

-- --------------------------------------------------------

--
-- Table structure for table `actual_sequence`
--

CREATE TABLE `actual_sequence` (
  `id` int(11) NOT NULL,
  `date` date NOT NULL,
  `time` time NOT NULL,
  `shift_id` int(11) NOT NULL,
  `part_no_id` int(11) NOT NULL,
  `qty_plan` varchar(20) NOT NULL,
  `end_time_plan` time NOT NULL,
  `start_time` datetime NOT NULL,
  `end_time` datetime NOT NULL,
  `actual_time` varchar(20) NOT NULL,
  `qty_total` varchar(20) NOT NULL,
  `gsph` varchar(20) NOT NULL,
  `total_dt` varchar(20) NOT NULL,
  `dies_change` varchar(20) NOT NULL,
  `dies_change_dt` varchar(20) NOT NULL,
  `no_production_dt` varchar(20) NOT NULL,
  `production_dt` varchar(20) NOT NULL
) ENGINE=InnoDB DEFAULT CHARSET=utf8mb4;

--
-- Dumping data for table `actual_sequence`
--

INSERT INTO `actual_sequence` (`id`, `date`, `time`, `shift_id`, `part_no_id`, `qty_plan`, `end_time_plan`, `start_time`, `end_time`, `actual_time`, `qty_total`, `gsph`, `total_dt`, `dies_change`, `dies_change_dt`, `no_production_dt`, `production_dt`) VALUES
(1, '2020-09-25', '23:52:58', 1, 1, '25', '23:55:00', '2020-09-25 23:52:58', '2020-09-30 16:54:39', '406901.0', '', '', '', '', '', '', ''),
(2, '2020-09-30', '16:59:52', 2, 1, '20', '17:50:00', '2020-09-30 16:59:52', '2020-10-19 10:57:47', '1619875.0', '0.0', '0.0', '0.0', '1.0', '0.0', '0.0', '0.0'),
(3, '2020-10-19', '10:57:47', 1, 1, '120', '13:00:00', '2020-10-19 10:57:47', '0000-00-00 00:00:00', '', '', '', '', '', '', '', ''),
(4, '2020-10-19', '12:40:49', 1, 1, '100', '13:40:00', '2020-10-19 12:40:49', '0000-00-00 00:00:00', '', '', '', '', '', '', '', ''),
(5, '2020-10-19', '12:41:31', 1, 1, '100', '13:41:00', '2020-10-19 12:41:31', '0000-00-00 00:00:00', '', '', '', '', '', '', '', ''),
(6, '2020-10-19', '17:04:19', 1, 1, '100', '19:34:00', '2020-10-19 17:04:19', '0000-00-00 00:00:00', '', '', '', '', '', '', '', ''),
(7, '2020-10-19', '17:07:17', 1, 2, '100', '20:27:00', '2020-10-19 17:07:17', '0000-00-00 00:00:00', '', '', '', '', '', '', '', ''),
(8, '2020-10-19', '17:15:44', 1, 2, '100', '20:35:00', '2020-10-19 17:15:44', '2020-10-19 18:31:37', '4553.0', '0.0', '0.0', '1864.0', '5.5', '0.0', '0.0', '1864.0'),
(9, '2020-10-19', '18:31:37', 1, 7, '0', '18:31:00', '2020-10-19 18:31:37', '0000-00-00 00:00:00', '', '', '', '', '', '', '', ''),
(10, '2020-10-19', '18:49:54', 1, 2, '100', '22:09:00', '2020-10-19 18:49:54', '0000-00-00 00:00:00', '', '', '', '', '', '', '', ''),
(11, '2020-10-19', '18:51:49', 1, 2, '100', '22:11:00', '2020-10-19 18:51:49', '0000-00-00 00:00:00', '', '', '', '', '', '', '', ''),
(12, '2020-10-19', '18:53:26', 1, 2, '100', '22:13:00', '2020-10-19 18:53:26', '0000-00-00 00:00:00', '', '', '', '', '', '', '', ''),
(13, '2020-10-19', '18:55:27', 1, 2, '50', '20:35:00', '2020-10-19 18:55:27', '2020-10-19 19:05:49', '622.0', '34.0', '197.3', '434.0', '16.7', '0.0', '0.0', '434.0'),
(14, '2020-10-19', '19:05:49', 1, 7, '0', '19:05:00', '2020-10-19 19:05:49', '0000-00-00 00:00:00', '', '', '', '', '', '', '', ''),
(15, '2020-10-19', '19:05:58', 1, 1, '50', '20:20:00', '2020-10-19 19:05:58', '2020-10-19 19:07:37', '99.0', '34.0', '1262.1', '0.0', '7.9', '0.0', '0.0', '0.0'),
(17, '2020-10-22', '12:30:29', 1, 1, '2', '12:33:00', '2020-10-22 12:30:29', '0000-00-00 00:00:00', '', '', '', '', '', '', '', ''),
(18, '2020-10-22', '12:35:47', 1, 1, '2', '12:38:00', '2020-10-22 12:35:47', '0000-00-00 00:00:00', '', '', '', '', '', '', '', ''),
(19, '2020-10-22', '14:41:24', 1, 1, '2', '14:44:00', '2020-10-22 14:41:24', '2020-10-22 14:51:16', '592.0', '2.0', '12.2', '36.0', '17.4', '0.0', '0.0', '36.0'),
(20, '2020-10-22', '14:51:16', 1, 2, '2', '14:55:00', '2020-10-22 14:51:16', '2020-10-22 14:54:42', '206.0', '0.0', '0.0', '0.0', '15.7', '0.0', '0.0', '0.0'),
(21, '2020-10-22', '14:54:42', 1, 2, '2', '14:58:00', '2020-10-22 14:54:42', '2020-10-22 14:55:11', '29.0', '0.0', '0.0', '0.0', '28.4', '0.0', '0.0', '0.0'),
(22, '2020-10-22', '14:55:11', 1, 2, '2', '14:59:00', '2020-10-22 14:55:11', '2020-10-22 15:04:34', '563.0', '5.0', '32.1', '46.0', '13.6', '0.0', '0.0', '46.0'),
(23, '2020-10-22', '15:04:34', 1, 7, '0', '15:04:00', '2020-10-22 15:04:34', '0000-00-00 00:00:00', '', '', '', '', '', '', '', ''),
(24, '2020-10-22', '15:08:04', 1, 2, '2', '15:12:00', '2020-10-22 15:08:04', '0000-00-00 00:00:00', '', '', '', '', '', '', '', ''),
(25, '2020-10-22', '15:28:03', 1, 1, '5', '15:35:00', '2020-10-22 15:28:03', '2020-10-22 15:29:22', '79.0', '0.0', '0.0', '0.0', '7.8', '0.0', '0.0', '0.0'),
(26, '2020-10-22', '15:29:22', 1, 7, '0', '15:29:31', '2020-10-22 15:29:22', '2020-10-22 15:29:31', '9.0', '', '', '', '', '', '', ''),
(27, '2020-10-22', '15:29:31', 1, 2, '5', '15:39:00', '2020-10-22 15:29:31', '2020-10-22 15:31:15', '104.0', '6.0', '214.2', '0.0', '23.5', '0.0', '0.0', '0.0'),
(28, '2020-10-22', '15:31:15', 1, 1, '5', '15:38:00', '2020-10-22 15:31:15', '2020-10-22 15:31:57', '42.0', '0.0', '0.0', '0.0', '21.7', '0.0', '0.0', '0.0'),
(29, '2020-10-22', '15:31:57', 1, 2, '5', '15:41:00', '2020-10-22 15:31:57', '2020-10-22 15:33:26', '89.0', '6.0', '247.0', '0.0', '75.3', '0.0', '0.0', '0.0'),
(30, '2020-10-22', '15:33:26', 1, 1, '5', '15:40:00', '2020-10-22 15:33:26', '2020-10-22 15:46:35', '789.0', '0.0', '0.0', '345.0', '100.1', '0.0', '6.6', '345.0'),
(31, '2020-10-22', '15:46:35', 1, 2, '5', '15:56:00', '2020-10-22 15:46:35', '0000-00-00 00:00:00', '', '', '', '', '', '', '', ''),
(32, '2020-10-22', '16:42:13', 1, 1, '45', '17:49:00', '2020-10-22 16:42:13', '2020-10-22 16:58:55', '1002.0', '3.0', '10.8', '326.0', '108.7', '0.0', '0.0', '326.0'),
(33, '2020-10-22', '16:58:55', 1, 2, '5', '17:08:00', '2020-10-22 16:58:55', '2020-10-22 17:16:48', '1073.0', '3.0', '10.1', '642.0', '16.6', '0.0', '0.0', '642.0'),
(34, '2020-10-22', '17:16:48', 1, 1, '5', '17:24:00', '2020-10-22 17:16:48', '2020-10-22 17:22:04', '316.0', '0.0', '0.0', '36.0', '9.2', '0.0', '0.0', '36.0'),
(35, '2020-10-22', '17:22:04', 1, 2, '5', '17:32:00', '2020-10-22 17:22:04', '2020-10-22 17:27:30', '326.0', '3.0', '33.4', '106.0', '16.2', '0.0', '0.0', '106.0'),
(36, '2020-10-22', '17:27:30', 1, 1, '5', '17:35:00', '2020-10-22 17:27:30', '2020-10-22 17:30:24', '174.0', '4.0', '84.1', '0.0', '87.5', '0.0', '0.0', '0.0'),
(37, '2020-10-22', '17:30:24', 1, 2, '5', '17:40:00', '2020-10-22 17:30:24', '2020-10-22 17:32:27', '123.0', '3.0', '89.2', '0.0', '37.5', '0.0', '0.0', '0.0'),
(38, '2020-10-22', '17:32:27', 1, 7, '0', '17:39:59', '2020-10-22 17:32:27', '2020-10-22 17:39:59', '452.0', '', '', '', '', '', '', ''),
(39, '2020-10-22', '17:39:59', 1, 3, '5', '17:49:00', '2020-10-22 17:39:59', '2020-10-22 17:43:27', '208.0', '3.0', '52.4', '0.0', '14.7', '0.0', '0.0', '0.0'),
(40, '2020-10-22', '17:43:27', 1, 4, '5', '17:53:00', '2020-10-22 17:43:27', '2020-10-22 17:45:54', '147.0', '0.0', '0.0', '0.0', '146.4', '0.0', '0.0', '0.0'),
(41, '2020-10-22', '17:45:54', 1, 4, '5', '17:55:00', '2020-10-22 17:45:54', '2020-10-22 17:47:57', '123.0', '1.0', '29.7', '0.0', '11.2', '0.0', '0.0', '0.0'),
(42, '2020-10-22', '17:47:57', 1, 1, '5', '17:55:00', '2020-10-22 17:47:57', '2020-10-22 17:50:37', '160.0', '6.0', '137.5', '0.0', '28.3', '0.0', '0.0', '0.0'),
(43, '2020-10-22', '17:50:37', 1, 7, '0', '08:42:58', '2020-10-22 17:50:37', '2020-10-23 08:42:58', '53541.0', '', '', '', '', '', '', ''),
(44, '2020-10-23', '08:42:58', 1, 2, '300', '18:42:00', '2020-10-23 08:42:58', '2020-10-23 17:03:57', '30059.0', '0.0', '0.0', '122.0', '444.5', '0.0', '15838.4', '122.0'),
(45, '2020-10-23', '17:03:57', 1, 7, '0', '17:03:00', '2020-10-23 17:03:57', '2020-10-23 17:04:06', '9.0', '0.0', '0.0', '122.0', '444.5', '0.0', '15838.4', '122.0'),
(46, '2020-10-23', '17:04:06', 1, 7, '0', '08:29:22', '2020-10-23 17:04:06', '2020-10-26 08:29:22', '228316.0', '', '', '', '', '', '', ''),
(47, '2020-10-26', '08:29:22', 1, 2, '135', '12:59:00', '2020-10-26 08:29:22', '2020-10-26 13:35:48', '18386.0', '140.0', '47.3', '48.0', '606.5', '48.0', '7708.3', '0.0'),
(48, '2020-10-26', '13:35:48', 1, 7, '0', '10:45:08', '2020-10-26 13:35:48', '2020-10-30 10:45:08', '335360.0', '', '', '', '', '', '', ''),
(49, '2020-10-30', '10:45:08', 1, 4, '29', '11:43:00', '2020-10-30 10:45:08', '0000-00-00 00:00:00', '', '', '', '', '', '', '', ''),
(50, '2020-11-03', '12:13:47', 1, 2, '150', '17:13:00', '2020-11-03 12:13:47', '0000-00-00 00:00:00', '', '', '', '', '', '', '', ''),
(51, '2020-11-04', '08:14:03', 1, 2, '80', '10:54:00', '2020-11-04 08:14:03', '2020-11-04 11:17:34', '11011.0', '83.0', '42.4', '370.0', '447.5', '0.0', '3960.6', '370.0'),
(52, '2020-11-04', '11:17:34', 3, 4, '80', '13:57:00', '2020-11-04 11:17:34', '0000-00-00 00:00:00', '', '', '', '', '', '', '', ''),
(53, '2020-11-05', '09:01:31', 1, 1, '240', '15:01:00', '2020-11-05 09:01:31', '2020-11-05 16:25:45', '26654.0', '242.0', '41.9', '1746.0', '882.9', '281.0', '5861.6', '1465.0'),
(54, '2020-11-05', '16:25:45', 1, 7, '0', '10:27:50', '2020-11-05 16:25:45', '2020-11-12 10:27:50', '583325.0', '', '', '', '', '', '', ''),
(55, '2020-11-12', '10:27:50', 1, 2, '160', '15:47:00', '2020-11-12 10:27:50', '2020-11-12 16:20:11', '21141.0', '0.0', '0.0', '0.0', '0.0', '0.0', '0.0', '0.0'),
(56, '2020-11-12', '16:20:11', 1, 7, '0', '16:20:00', '2020-11-12 16:20:11', '2020-11-12 16:28:56', '525.0', '0.0', '0.0', '0.0', '0.0', '0.0', '0.0', '0.0'),
(57, '2020-11-12', '16:28:56', 1, 7, '0', '16:28:00', '2020-11-12 16:28:56', '2020-11-12 16:31:13', '137.0', '0.0', '0.0', '0.0', '0.0', '0.0', '0.0', '0.0'),
(58, '2020-11-12', '16:31:13', 1, 7, '0', '16:31:00', '2020-11-12 16:31:13', '2020-11-12 17:48:05', '4612.0', '0.0', '0.0', '0.0', '0.0', '0.0', '0.0', '0.0'),
(59, '2020-11-12', '17:48:05', 1, 7, '0', '08:25:32', '2020-11-12 17:48:05', '2020-11-13 08:25:32', '52647.0', '', '', '', '', '', '', ''),
(60, '2020-11-13', '08:25:32', 1, 1, '420', '18:55:00', '2020-11-13 08:25:32', '2020-11-13 17:49:29', '33837.0', '419.0', '52.7', '60.0', '31.2', '0.0', '5172.4', '60.0'),
(61, '2020-11-13', '17:49:29', 1, 7, '0', '17:49:00', '2020-11-13 17:49:29', '2020-11-13 17:49:50', '21.0', '419.0', '52.7', '60.0', '31.2', '0.0', '5172.4', '60.0'),
(62, '2020-11-13', '17:49:50', 1, 7, '0', '08:16:50', '2020-11-13 17:49:50', '2020-11-16 08:16:50', '224820.0', '', '', '', '', '', '', ''),
(63, '2020-11-16', '08:16:50', 1, 1, '420', '18:46:00', '2020-11-16 08:16:50', '2020-11-16 17:13:22', '32192.0', '420.0', '52.3', '950.0', '11.3', '0.0', '3292.3', '950.0'),
(64, '2020-11-16', '17:13:22', 1, 7, '0', '08:43:35', '2020-11-16 17:13:22', '2020-11-17 08:43:35', '55813.0', '', '', '', '', '', '', ''),
(68, '2020-11-18', '08:12:18', 1, 1, '411', '18:28:00', '2020-11-18 08:12:18', '2020-11-18 16:00:50', '28112.0', '397.0', '59.5', '237.0', '15.3', '0.0', '4079.3', '57.0'),
(69, '2020-11-18', '16:00:50', 1, 7, '0', '16:00:00', '2020-11-18 16:00:50', '2020-11-18 16:00:59', '9.0', '397.0', '59.5', '237.0', '15.3', '0.0', '4079.3', '57.0'),
(70, '2020-11-18', '16:00:59', 1, 7, '0', '08:23:29', '2020-11-18 16:00:59', '2020-11-25 08:23:29', '577350.0', '', '', '', '', '', '', ''),
(72, '2020-11-25', '08:23:29', 1, 1, '176', '12:47:00', '2020-11-25 08:23:29', '2020-11-25 12:34:21', '15052.0', '176.0', '60.2', '2.0', '10.0', '0.0', '4511.0', '2.0'),
(73, '2020-11-25', '12:34:21', 1, 7, '0', '08:52:42', '2020-11-25 12:34:21', '2020-11-26 08:52:42', '73101.0', '', '', '', '', '', '', ''),
(74, '2020-11-26', '08:52:42', 1, 1, '210', '14:07:00', '2020-11-26 08:52:42', '2020-11-26 09:26:35', '2033.0', '2.0', '298073.2', '0.0', '0.0', '0.0', '0.0', '0.0'),
(75, '2020-11-26', '09:26:35', 1, 7, '0', '09:26:43', '2020-11-26 09:26:35', '2020-11-26 09:26:43', '8.0', '', '', '', '', '', '', ''),
(76, '2020-11-26', '09:26:43', 1, 1, '210', '14:41:00', '2020-11-26 09:26:43', '2020-11-26 14:44:19', '19056.0', '0.0', '0.0', '5.0', '333.9', '0.0', '3077.7', '5.0'),
(77, '2020-11-26', '14:44:19', 1, 7, '0', '08:52:22', '2020-11-26 14:44:19', '2020-12-04 08:52:22', '670083.0', '', '', '', '', '', '', ''),
(78, '2020-12-04', '08:52:22', 1, 2, '115', '12:42:00', '2020-12-04 08:52:22', '2020-12-04 11:32:45', '9623.0', '69.0', '46.9', '87.0', '25.1', '0.0', '4309.8', '87.0'),
(79, '2020-12-04', '11:32:45', 1, 7, '0', '11:32:00', '2020-12-04 11:32:45', '0000-00-00 00:00:00', '', '', '', '', '', '', '', '');

-- --------------------------------------------------------

--
-- Table structure for table `daily_availability`
--

CREATE TABLE `daily_availability` (
  `id` int(11) NOT NULL,
  `date` date NOT NULL,
  `time` time NOT NULL,
  `ave_current_avai` varchar(25) NOT NULL,
  `ave_daily_avai` varchar(25) NOT NULL
) ENGINE=InnoDB DEFAULT CHARSET=utf8mb4;

--
-- Dumping data for table `daily_availability`
--

INSERT INTO `daily_availability` (`id`, `date`, `time`, `ave_current_avai`, `ave_daily_avai`) VALUES
(1, '2020-09-25', '23:52:58', '0.3', '0.3'),
(2, '2020-09-30', '16:59:52', '5.4', '5.4'),
(3, '2020-10-19', '10:57:47', '17.3', '17.3'),
(4, '2020-10-19', '12:40:49', '', ''),
(5, '2020-10-19', '12:41:31', '', ''),
(6, '2020-10-19', '17:04:19', '29.2', '11.6'),
(7, '2020-10-19', '17:07:17', '99.6', '29.2'),
(8, '2020-10-19', '17:15:44', '68.5', '35.8'),
(10, '2020-10-19', '18:49:54', '', ''),
(11, '2020-10-19', '18:51:49', '34.3', '31.1'),
(12, '2020-10-19', '18:53:26', '', ''),
(13, '2020-10-19', '18:55:27', '27.8', '27.7'),
(15, '2020-10-19', '19:05:58', '43.4', '29.1'),
(17, '2020-10-22', '12:30:30', '100.0', '100.0'),
(18, '2020-10-22', '12:35:47', '', ''),
(19, '2020-10-22', '14:41:24', '64.6', '54.9'),
(20, '2020-10-22', '14:51:16', '100.0', '66.2'),
(21, '2020-10-22', '14:54:42', '100.0', '72.9'),
(22, '2020-10-22', '14:55:11', '97.3', '77.0'),
(24, '2020-10-22', '15:08:04', '98.0', '80.0'),
(25, '2020-10-22', '15:28:03', '73.5', '79.2'),
(27, '2020-10-22', '15:29:31', '98.4', '81.3'),
(28, '2020-10-22', '15:31:15', '78.8', '81.1'),
(29, '2020-10-22', '15:31:57', '98.6', '82.7'),
(30, '2020-10-22', '15:33:26', '74.8', '82.0'),
(31, '2020-10-22', '15:46:36', '92.3', '82.8'),
(32, '2020-10-22', '16:42:13', '73.8', '82.1'),
(33, '2020-10-22', '16:58:55', '85.8', '82.4'),
(34, '2020-10-22', '17:16:48', '75.7', '82.0'),
(35, '2020-10-22', '17:22:04', '83.7', '82.1'),
(36, '2020-10-22', '17:27:30', '78.4', '81.9'),
(37, '2020-10-22', '17:30:24', '100.0', '82.8'),
(39, '2020-10-22', '17:39:59', '100.0', '83.7'),
(40, '2020-10-22', '17:43:28', '100.0', '84.5'),
(41, '2020-10-22', '17:45:54', '100.0', '85.2'),
(42, '2020-10-22', '17:47:57', '80.5', '85.0'),
(44, '2020-10-23', '08:42:58', '99.1', '99.1'),
(47, '2020-10-26', '08:29:23', '99.5', '99.5'),
(49, '2020-10-30', '10:45:08', '93.2', '93.2'),
(50, '2020-11-03', '12:13:47', '72.6', '72.6'),
(51, '2020-11-04', '08:14:03', '94.7', '94.7'),
(52, '2020-11-04', '11:17:34', '98.8', '0.0'),
(53, '2020-11-05', '09:01:31', '91.6', '91.6'),
(55, '2020-11-12', '10:27:50', '94.3', '94.3'),
(60, '2020-11-13', '08:25:32', '99.8', '99.8'),
(63, '2020-11-16', '08:16:50', '96.7', '96.7'),
(68, '2020-11-18', '08:12:19', '99.0', '99.0'),
(72, '2020-11-25', '08:23:29', '100.0', '100.0'),
(74, '2020-11-26', '08:52:42', '100.0', '100.0'),
(76, '2020-11-26', '09:26:43', '100.0', '100.0'),
(78, '2020-12-04', '08:52:22', '98.4', '98.4');

-- --------------------------------------------------------

--
-- Table structure for table `daily_gsph`
--

CREATE TABLE `daily_gsph` (
  `id` int(11) NOT NULL,
  `date` date NOT NULL,
  `time` time NOT NULL,
  `ave_current_gsph` varchar(10) NOT NULL,
  `ave_daily_gsph` varchar(10) NOT NULL
) ENGINE=InnoDB DEFAULT CHARSET=utf8mb4;

--
-- Dumping data for table `daily_gsph`
--

INSERT INTO `daily_gsph` (`id`, `date`, `time`, `ave_current_gsph`, `ave_daily_gsph`) VALUES
(1, '2020-09-25', '23:52:58', '279.3', '279.3'),
(2, '2020-09-30', '16:59:52', '0.0', '0.0'),
(3, '2020-10-19', '10:57:47', '25.8', '25.8'),
(4, '2020-10-19', '12:40:49', '', ''),
(5, '2020-10-19', '12:41:31', '', ''),
(6, '2020-10-19', '17:04:19', '592.6', '154.6'),
(7, '2020-10-19', '17:07:17', '811.8', '286.0'),
(8, '2020-10-19', '17:15:44', '471.4', '316.9'),
(10, '2020-10-19', '18:49:54', '', ''),
(11, '2020-10-19', '18:51:49', '201.6', '262.9'),
(12, '2020-10-19', '18:53:26', '', ''),
(13, '2020-10-19', '18:55:27', '167.3', '227.1'),
(15, '2020-10-19', '19:05:58', '733.6', '273.1'),
(17, '2020-10-22', '12:30:30', '0.0', '0.0'),
(18, '2020-10-22', '12:35:47', '', ''),
(19, '2020-10-22', '14:41:24', '4.1', '1.4'),
(20, '2020-10-22', '14:51:16', '0.0', '1.0'),
(21, '2020-10-22', '14:54:42', '0.0', '0.8'),
(22, '2020-10-22', '14:55:11', '10.7', '2.5'),
(24, '2020-10-22', '15:08:04', '100.9', '16.5'),
(25, '2020-10-22', '15:28:03', '3.0', '14.8'),
(27, '2020-10-22', '15:29:31', '126.0', '27.2'),
(28, '2020-10-22', '15:31:15', '2.4', '24.7'),
(29, '2020-10-22', '15:31:57', '148.1', '35.9'),
(30, '2020-10-22', '15:33:26', '2.0', '33.1'),
(31, '2020-10-22', '15:46:36', '125.6', '40.2'),
(32, '2020-10-22', '16:42:13', '3.3', '37.6'),
(33, '2020-10-22', '16:58:55', '111.1', '42.5'),
(34, '2020-10-22', '17:16:48', '2.9', '40.0'),
(35, '2020-10-22', '17:22:04', '102.5', '43.7'),
(36, '2020-10-22', '17:27:30', '12.3', '41.9'),
(37, '2020-10-22', '17:30:24', '0.0', '39.7'),
(39, '2020-10-22', '17:39:59', '55.1', '40.5'),
(40, '2020-10-22', '17:43:28', '0.0', '38.6'),
(41, '2020-10-22', '17:45:54', '15.9', '37.5'),
(42, '2020-10-22', '17:47:57', '24.6', '37.0'),
(44, '2020-10-23', '08:42:58', '0.0', '0.0'),
(47, '2020-10-26', '08:29:23', '47.3', '47.3'),
(49, '2020-10-30', '10:45:08', '0.0', '0.0'),
(50, '2020-11-03', '12:13:47', '0.0', '0.0'),
(51, '2020-11-04', '08:14:03', '42.4', '42.4'),
(52, '2020-11-04', '11:17:34', '0.0', '0.0'),
(53, '2020-11-05', '09:01:31', '41.9', '41.9'),
(55, '2020-11-12', '10:27:50', '43.6', '43.6'),
(60, '2020-11-13', '08:25:32', '52.7', '52.7'),
(63, '2020-11-16', '08:16:50', '52.4', '52.4'),
(68, '2020-11-18', '08:12:19', '59.5', '59.5'),
(72, '2020-11-25', '08:23:29', '60.2', '60.2'),
(74, '2020-11-26', '08:52:42', '0.0', '0.0'),
(76, '2020-11-26', '09:26:43', '0.0', '0.0'),
(78, '2020-12-04', '08:52:22', '46.9', '46.9');

-- --------------------------------------------------------

--
-- Table structure for table `daily_oee`
--

CREATE TABLE `daily_oee` (
  `id` int(11) NOT NULL,
  `date` date NOT NULL,
  `time` time(6) NOT NULL,
  `ave_current_oee` varchar(25) NOT NULL,
  `ave_daily_oee` varchar(25) NOT NULL
) ENGINE=InnoDB DEFAULT CHARSET=utf8mb4;

--
-- Dumping data for table `daily_oee`
--

INSERT INTO `daily_oee` (`id`, `date`, `time`, `ave_current_oee`, `ave_daily_oee`) VALUES
(1, '2020-09-25', '23:52:58.000000', '569.0', '569.0'),
(2, '2020-09-30', '16:59:52.000000', '0.0', '0.0'),
(3, '2020-10-19', '10:57:47.000000', '64.4', '64.4'),
(4, '2020-10-19', '12:40:49.000000', '', ''),
(5, '2020-10-19', '12:41:31.000000', '', ''),
(6, '2020-10-19', '17:04:19.000000', '1390.8', '363.8'),
(7, '2020-10-19', '17:07:17.000000', '2538.3', '798.7'),
(8, '2020-10-19', '17:15:44.000000', '1474.1', '911.3'),
(10, '2020-10-19', '18:49:54.000000', '', ''),
(11, '2020-10-19', '18:51:49.000000', '630.4', '762.2'),
(12, '2020-10-19', '18:53:26.000000', '', ''),
(13, '2020-10-19', '18:55:27.000000', '517.1', '661.5'),
(15, '2020-10-19', '19:05:58.000000', '1683.9', '754.5'),
(17, '2020-10-22', '12:30:30.000000', '0.0', '0.0'),
(18, '2020-10-22', '12:35:47.000000', '', ''),
(19, '2020-10-22', '14:41:24.000000', '5.1', '1.7'),
(20, '2020-10-22', '14:51:16.000000', '0.0', '1.3'),
(21, '2020-10-22', '14:54:42.000000', '0.0', '1.0'),
(22, '2020-10-22', '14:55:11.000000', '21.4', '4.4'),
(24, '2020-10-22', '15:08:04.000000', '170.8', '28.2'),
(25, '2020-10-22', '15:28:03.000000', '3.8', '25.1'),
(27, '2020-10-22', '15:29:31.000000', '212.2', '45.9'),
(28, '2020-10-22', '15:31:15.000000', '3.0', '41.6'),
(29, '2020-10-22', '15:31:57.000000', '248.6', '60.4'),
(30, '2020-10-22', '15:33:26.000000', '2.5', '55.6'),
(31, '2020-10-22', '15:46:36.000000', '209.7', '67.5'),
(32, '2020-10-22', '16:42:13.000000', '3.5', '62.9'),
(33, '2020-10-22', '16:58:55.000000', '183.5', '70.9'),
(34, '2020-10-22', '17:16:48.000000', '3.0', '66.7'),
(35, '2020-10-22', '17:22:04.000000', '163.1', '72.4'),
(36, '2020-10-22', '17:27:30.000000', '8.8', '68.8'),
(37, '2020-10-22', '17:30:24.000000', '0.0', '65.2'),
(39, '2020-10-22', '17:39:59.000000', '0.0', '61.9'),
(40, '2020-10-22', '17:43:28.000000', '0.0', '59.0'),
(41, '2020-10-22', '17:45:54.000000', '0.0', '56.3'),
(42, '2020-10-22', '17:47:57.000000', '13.4', '54.5'),
(44, '2020-10-23', '08:42:58.000000', '0.0', '0.0'),
(47, '2020-10-26', '08:29:23.000000', '152.1', '152.1'),
(49, '2020-10-30', '10:45:08.000000', '0.0', '0.0'),
(50, '2020-11-03', '12:13:47.000000', '0.0', '0.0'),
(51, '2020-11-04', '08:14:03.000000', '141.4', '141.4'),
(52, '2020-11-04', '11:17:34.000000', '0.0', '0.0'),
(53, '2020-11-05', '09:01:31.000000', '97.5', '97.5'),
(55, '2020-11-12', '10:27:50.000000', '145.4', '145.4'),
(60, '2020-11-13', '08:25:32.000000', '131.7', '131.7'),
(63, '2020-11-16', '08:16:50.000000', '120.6', '120.6'),
(68, '2020-11-18', '08:12:19.000000', '148.7', '148.7'),
(72, '2020-11-25', '08:23:29.000000', '146.2', '146.2'),
(74, '2020-11-26', '08:52:42.000000', '0.0', '0.0'),
(76, '2020-11-26', '09:26:43.000000', '0.0', '0.0'),
(78, '2020-12-04', '08:52:22.000000', '156.4', '156.4');

-- --------------------------------------------------------

--
-- Table structure for table `daily_plan_achievement`
--

CREATE TABLE `daily_plan_achievement` (
  `id` int(11) NOT NULL,
  `date` date NOT NULL,
  `time` time NOT NULL,
  `ave_current_achie` varchar(25) NOT NULL,
  `ave_daily_achie` varchar(25) NOT NULL
) ENGINE=InnoDB DEFAULT CHARSET=utf8mb4;

--
-- Dumping data for table `daily_plan_achievement`
--

INSERT INTO `daily_plan_achievement` (`id`, `date`, `time`, `ave_current_achie`, `ave_daily_achie`) VALUES
(1, '2020-09-25', '23:52:58', '108.0', '108.0'),
(2, '2020-09-30', '16:59:52', '0.0', '0.0'),
(3, '2020-10-19', '10:57:47', '5.0', '5.0'),
(4, '2020-10-19', '12:40:49', '', ''),
(5, '2020-10-19', '12:41:31', '', ''),
(6, '2020-10-19', '17:04:19', '44.2', '12.3'),
(7, '2020-10-19', '17:07:17', '113.0', '32.4'),
(8, '2020-10-19', '17:15:44', '113.0', '45.9'),
(10, '2020-10-19', '18:49:54', '', ''),
(11, '2020-10-19', '18:51:49', '28.2', '37.9'),
(12, '2020-10-19', '18:53:26', '', ''),
(13, '2020-10-19', '18:55:27', '30.2', '33.4'),
(15, '2020-10-19', '19:05:58', '49.0', '34.8'),
(17, '2020-10-22', '12:30:30', '0.0', '0.0'),
(18, '2020-10-22', '12:35:47', '', ''),
(19, '2020-10-22', '14:41:24', '33.3', '11.1'),
(20, '2020-10-22', '14:51:16', '0.0', '8.3'),
(21, '2020-10-22', '14:54:42', '0.0', '6.7'),
(22, '2020-10-22', '14:55:11', '83.3', '19.4'),
(24, '2020-10-22', '15:08:04', '137.5', '36.3'),
(25, '2020-10-22', '15:28:03', '25.0', '34.9'),
(27, '2020-10-22', '15:29:31', '134.0', '45.9'),
(28, '2020-10-22', '15:31:15', '20.0', '43.3'),
(29, '2020-10-22', '15:31:57', '131.7', '51.3'),
(30, '2020-10-22', '15:33:26', '16.7', '48.5'),
(31, '2020-10-22', '15:46:36', '138.6', '55.4'),
(32, '2020-10-22', '16:42:13', '15.2', '52.5'),
(33, '2020-10-22', '16:58:55', '128.8', '57.6'),
(34, '2020-10-22', '17:16:48', '13.3', '54.8'),
(35, '2020-10-22', '17:22:04', '121.1', '58.7'),
(36, '2020-10-22', '17:27:30', '20.7', '56.6'),
(37, '2020-10-22', '17:30:24', '0.0', '53.6'),
(39, '2020-10-22', '17:39:59', '60.0', '54.0'),
(40, '2020-10-22', '17:43:28', '0.0', '51.4'),
(41, '2020-10-22', '17:45:54', '10.0', '49.5'),
(42, '2020-10-22', '17:47:57', '30.7', '48.7'),
(44, '2020-10-23', '08:42:58', '0.0', '0.0'),
(47, '2020-10-26', '08:29:23', '103.7', '103.7'),
(49, '2020-10-30', '10:45:08', '0.0', '0.0'),
(50, '2020-11-03', '12:13:47', '0.0', '0.0'),
(51, '2020-11-04', '08:14:03', '103.8', '103.8'),
(52, '2020-11-04', '11:17:34', '0.0', '0.0'),
(53, '2020-11-05', '09:01:31', '100.8', '100.8'),
(55, '2020-11-12', '10:27:50', '116.3', '116.3'),
(60, '2020-11-13', '08:25:32', '99.8', '99.8'),
(63, '2020-11-16', '08:16:50', '100.0', '100.0'),
(68, '2020-11-18', '08:12:19', '96.6', '96.6'),
(72, '2020-11-25', '08:23:29', '100.0', '100.0'),
(74, '2020-11-26', '08:52:42', '0.0', '0.0'),
(76, '2020-11-26', '09:26:43', '0.0', '0.0'),
(78, '2020-12-04', '08:52:22', '60.0', '60.0');

-- --------------------------------------------------------

--
-- Table structure for table `daily_speed`
--

CREATE TABLE `daily_speed` (
  `id` int(11) NOT NULL,
  `date` date NOT NULL,
  `time` time NOT NULL,
  `ave_current_speed` varchar(25) NOT NULL,
  `ave_daily_speed` varchar(25) NOT NULL
) ENGINE=InnoDB DEFAULT CHARSET=utf8mb4;

--
-- Dumping data for table `daily_speed`
--

INSERT INTO `daily_speed` (`id`, `date`, `time`, `ave_current_speed`, `ave_daily_speed`) VALUES
(1, '2020-09-25', '23:52:58', '243000.0', '243000.0'),
(2, '2020-09-30', '16:59:52', '0.0', '0.0'),
(3, '2020-10-19', '10:57:47', '372.4', '372.4'),
(4, '2020-10-19', '12:40:49', '', ''),
(5, '2020-10-19', '12:41:31', '', ''),
(6, '2020-10-19', '17:04:19', '1571.6', '486.0'),
(7, '2020-10-19', '17:07:17', '2716.7', '932.1'),
(8, '2020-10-19', '17:15:44', '1955.2', '1102.6'),
(10, '2020-10-19', '18:49:54', '', ''),
(11, '2020-10-19', '18:51:49', '674.7', '911.3'),
(12, '2020-10-19', '18:53:26', '', ''),
(13, '2020-10-19', '18:55:27', '816.6', '810.7'),
(15, '2020-10-19', '19:05:58', '1906.1', '910.3'),
(17, '2020-10-22', '12:30:30', '0.0', '0.0'),
(18, '2020-10-22', '12:35:47', '', ''),
(19, '2020-10-22', '14:41:24', '10.9', '3.6'),
(20, '2020-10-22', '14:51:16', '0.0', '2.7'),
(21, '2020-10-22', '14:54:42', '0.0', '2.2'),
(22, '2020-10-22', '14:55:11', '38.9', '8.3'),
(24, '2020-10-22', '15:08:04', '338.6', '55.5'),
(25, '2020-10-22', '15:28:03', '8.1', '49.6'),
(27, '2020-10-22', '15:29:31', '422.0', '90.9'),
(28, '2020-10-22', '15:31:15', '6.5', '82.5'),
(29, '2020-10-22', '15:31:57', '495.3', '120.0'),
(30, '2020-10-22', '15:33:26', '5.4', '110.5'),
(31, '2020-10-22', '15:46:36', '425.7', '134.7'),
(32, '2020-10-22', '16:42:13', '10.5', '125.9'),
(33, '2020-10-22', '16:58:55', '383.0', '143.0'),
(34, '2020-10-22', '17:16:48', '9.1', '134.6'),
(35, '2020-10-22', '17:22:04', '359.0', '147.8'),
(36, '2020-10-22', '17:27:30', '32.5', '141.4'),
(37, '2020-10-22', '17:30:24', '0.0', '134.0'),
(39, '2020-10-22', '17:39:59', '183.7', '136.5'),
(40, '2020-10-22', '17:43:28', '0.0', '130.0'),
(41, '2020-10-22', '17:45:54', '53.0', '126.5'),
(42, '2020-10-22', '17:47:57', '62.9', '123.7'),
(44, '2020-10-23', '08:42:58', '0.0', '0.0'),
(47, '2020-10-26', '08:29:23', '158.4', '158.4'),
(49, '2020-10-30', '10:45:08', '0.0', '0.0'),
(50, '2020-11-03', '12:13:47', '0.0', '0.0'),
(51, '2020-11-04', '08:14:03', '149.3', '149.3'),
(52, '2020-11-04', '11:17:34', '0.0', '0.0'),
(53, '2020-11-05', '09:01:31', '114.5', '114.5'),
(55, '2020-11-12', '10:27:50', '154.2', '154.2'),
(60, '2020-11-13', '08:25:32', '131.9', '131.9'),
(63, '2020-11-16', '08:16:50', '135.3', '135.3'),
(68, '2020-11-18', '08:12:19', '150.2', '150.2'),
(72, '2020-11-25', '08:23:29', '150.5', '150.5'),
(74, '2020-11-26', '08:52:42', '0.0', '0.0'),
(76, '2020-11-26', '09:26:43', '0.0', '0.0'),
(78, '2020-12-04', '08:52:22', '159.0', '159.0');

-- --------------------------------------------------------

--
-- Table structure for table `daily_utilization`
--

CREATE TABLE `daily_utilization` (
  `id` int(11) NOT NULL,
  `date` date NOT NULL,
  `time` time NOT NULL,
  `ave_current_uti` varchar(15) NOT NULL,
  `ave_daily_uti` varchar(15) NOT NULL
) ENGINE=InnoDB DEFAULT CHARSET=utf8mb4;

--
-- Dumping data for table `daily_utilization`
--

INSERT INTO `daily_utilization` (`id`, `date`, `time`, `ave_current_uti`, `ave_daily_uti`) VALUES
(1, '2020-09-25', '23:52:58', '0.4', '0.4'),
(2, '2020-09-30', '16:59:52', '1.1', '1.1'),
(3, '2020-10-19', '10:57:47', '1.0', '1.0'),
(4, '2020-10-19', '12:40:49', '', ''),
(5, '2020-10-19', '12:41:31', '', ''),
(6, '2020-10-19', '17:04:19', '0.3', '0.3'),
(7, '2020-10-19', '17:07:17', '0.6', '0.4'),
(8, '2020-10-19', '17:15:44', '2.0', '0.7'),
(10, '2020-10-19', '18:49:54', '', ''),
(11, '2020-10-19', '18:51:49', '1.0', '0.6'),
(12, '2020-10-19', '18:53:26', '', ''),
(13, '2020-10-19', '18:55:27', '0.8', '0.6'),
(15, '2020-10-19', '19:05:58', '0.3', '0.5'),
(17, '2020-10-22', '12:30:30', '0.0', '0.0'),
(18, '2020-10-22', '12:35:47', '', ''),
(19, '2020-10-22', '14:41:24', '0.2', '0.1'),
(20, '2020-10-22', '14:51:16', '0.2', '0.1'),
(21, '2020-10-22', '14:54:42', '0.1', '0.1'),
(22, '2020-10-22', '14:55:11', '0.3', '0.1'),
(24, '2020-10-22', '15:08:04', '0.2', '0.1'),
(25, '2020-10-22', '15:28:03', '0.2', '0.1'),
(27, '2020-10-22', '15:29:31', '0.2', '0.2'),
(28, '2020-10-22', '15:31:15', '0.2', '0.2'),
(29, '2020-10-22', '15:31:57', '0.2', '0.2'),
(30, '2020-10-22', '15:33:26', '0.3', '0.2'),
(31, '2020-10-22', '15:46:36', '0.5', '0.2'),
(32, '2020-10-22', '16:42:13', '0.4', '0.2'),
(33, '2020-10-22', '16:58:55', '0.6', '0.2'),
(34, '2020-10-22', '17:16:48', '0.4', '0.2'),
(35, '2020-10-22', '17:22:04', '0.6', '0.3'),
(36, '2020-10-22', '17:27:30', '0.4', '0.3'),
(37, '2020-10-22', '17:30:24', '0.1', '0.3'),
(39, '2020-10-22', '17:39:59', '0.2', '0.3'),
(40, '2020-10-22', '17:43:28', '0.2', '0.3'),
(41, '2020-10-22', '17:45:54', '0.2', '0.3'),
(42, '2020-10-22', '17:47:57', '0.4', '0.3'),
(44, '2020-10-23', '08:42:58', '16.4', '16.4'),
(47, '2020-10-26', '08:29:23', '12.3', '12.3'),
(49, '2020-10-30', '10:45:08', '17.3', '17.3'),
(50, '2020-11-03', '12:13:47', '9.0', '9.0'),
(51, '2020-11-04', '08:14:03', '8.2', '8.2'),
(52, '2020-11-04', '11:17:34', '0.7', '0.0'),
(53, '2020-11-05', '09:01:31', '24.0', '24.0'),
(55, '2020-11-12', '10:27:50', '17.8', '17.8'),
(60, '2020-11-13', '08:25:32', '33.1', '33.1'),
(63, '2020-11-16', '08:16:50', '33.4', '33.4'),
(68, '2020-11-18', '08:12:19', '27.8', '27.8'),
(72, '2020-11-25', '08:23:29', '12.2', '12.2'),
(74, '2020-11-26', '08:52:42', '0.0', '0.0'),
(76, '2020-11-26', '09:26:43', '9.2', '4.6'),
(78, '2020-12-04', '08:52:22', '6.1', '6.1');

-- --------------------------------------------------------

--
-- Table structure for table `daily_yield`
--

CREATE TABLE `daily_yield` (
  `id` int(11) NOT NULL,
  `date` date NOT NULL,
  `time` time NOT NULL,
  `ave_current_yield` varchar(25) NOT NULL,
  `ave_daily_yield` varchar(25) NOT NULL
) ENGINE=InnoDB DEFAULT CHARSET=utf8mb4;

--
-- Dumping data for table `daily_yield`
--

INSERT INTO `daily_yield` (`id`, `date`, `time`, `ave_current_yield`, `ave_daily_yield`) VALUES
(1, '2020-09-25', '23:52:58', '81.5', '81.5'),
(2, '2020-09-30', '16:59:52', '0.0', '0.0'),
(3, '2020-10-19', '10:57:47', '100.0', '100.0'),
(4, '2020-10-19', '12:40:49', '', ''),
(5, '2020-10-19', '12:41:31', '', ''),
(6, '2020-10-19', '17:04:19', '95.0', '48.8'),
(7, '2020-10-19', '17:07:17', '93.8', '57.8'),
(8, '2020-10-19', '17:15:44', '93.8', '63.8'),
(10, '2020-10-19', '18:49:54', '', ''),
(11, '2020-10-19', '18:51:49', '23.4', '50.8'),
(12, '2020-10-19', '18:53:26', '', ''),
(13, '2020-10-19', '18:55:27', '30.3', '43.6'),
(15, '2020-10-19', '19:05:58', '93.6', '48.2'),
(17, '2020-10-22', '12:30:30', '0.0', '0.0'),
(18, '2020-10-22', '12:35:47', '', ''),
(19, '2020-10-22', '14:41:24', '16.7', '5.6'),
(20, '2020-10-22', '14:51:16', '0.0', '4.2'),
(21, '2020-10-22', '14:54:42', '0.0', '3.3'),
(22, '2020-10-22', '14:55:11', '20.0', '6.1'),
(24, '2020-10-22', '15:08:04', '27.5', '9.2'),
(25, '2020-10-22', '15:28:03', '12.5', '9.6'),
(27, '2020-10-22', '15:29:31', '32.0', '12.1'),
(28, '2020-10-22', '15:31:15', '10.0', '11.9'),
(29, '2020-10-22', '15:31:57', '35.0', '14.0'),
(30, '2020-10-22', '15:33:26', '8.3', '13.5'),
(31, '2020-10-22', '15:46:36', '34.8', '15.1'),
(32, '2020-10-22', '16:42:13', '11.9', '14.9'),
(33, '2020-10-22', '16:58:55', '30.4', '15.9'),
(34, '2020-10-22', '17:16:48', '10.4', '15.6'),
(35, '2020-10-22', '17:22:04', '27.0', '16.3'),
(36, '2020-10-22', '17:27:30', '12.0', '16.0'),
(37, '2020-10-22', '17:30:24', '0.0', '15.2'),
(39, '2020-10-22', '17:39:59', '0.0', '14.4'),
(40, '2020-10-22', '17:43:28', '0.0', '13.7'),
(41, '2020-10-22', '17:45:54', '0.0', '13.1'),
(42, '2020-10-22', '17:47:57', '12.5', '13.1'),
(44, '2020-10-23', '08:42:58', '0.0', '0.0'),
(47, '2020-10-26', '08:29:23', '96.4', '96.4'),
(49, '2020-10-30', '10:45:08', '0.0', '0.0'),
(50, '2020-11-03', '12:13:47', '0.0', '0.0'),
(51, '2020-11-04', '08:14:03', '100.0', '100.0'),
(52, '2020-11-04', '11:17:34', '0.0', '0.0'),
(53, '2020-11-05', '09:01:31', '93.0', '93.0'),
(55, '2020-11-12', '10:27:50', '100.0', '100.0'),
(60, '2020-11-13', '08:25:32', '100.0', '100.0'),
(63, '2020-11-16', '08:16:50', '92.1', '92.1'),
(68, '2020-11-18', '08:12:19', '100.0', '100.0'),
(72, '2020-11-25', '08:23:29', '97.2', '97.2'),
(74, '2020-11-26', '08:52:42', '0.0', '0.0'),
(76, '2020-11-26', '09:26:43', '0.0', '0.0'),
(78, '2020-12-04', '08:52:22', '100.0', '100.0');

-- --------------------------------------------------------

--
-- Table structure for table `downtime_report`
--

CREATE TABLE `downtime_report` (
  `id` int(11) NOT NULL,
  `date` date NOT NULL,
  `part_no_id` int(7) NOT NULL,
  `shift_id` int(7) NOT NULL,
  `time` time NOT NULL,
  `downtime_period` varchar(20) NOT NULL,
  `problem_dies_change` int(11) DEFAULT NULL,
  `problem_die` int(11) DEFAULT NULL,
  `problem_machine` int(11) DEFAULT NULL,
  `problem_material` int(11) DEFAULT NULL,
  `problem_production` int(11) DEFAULT NULL,
  `problem_qc` int(11) DEFAULT NULL,
  `pic_id` int(7) NOT NULL
) ENGINE=InnoDB DEFAULT CHARSET=utf8mb4;

--
-- Dumping data for table `downtime_report`
--

INSERT INTO `downtime_report` (`id`, `date`, `part_no_id`, `shift_id`, `time`, `downtime_period`, `problem_dies_change`, `problem_die`, `problem_machine`, `problem_material`, `problem_production`, `problem_qc`, `pic_id`) VALUES
(1, '2020-09-30', 1, 2, '17:03:24', '00:00:06', NULL, NULL, NULL, NULL, 17, NULL, 3),
(2, '2020-09-30', 1, 2, '17:04:36', '00:15:02', NULL, NULL, NULL, NULL, 17, NULL, 3),
(3, '2020-10-19', 2, 1, '17:09:43', '00:00:02', NULL, NULL, NULL, NULL, 17, NULL, 3),
(4, '2020-10-19', 2, 1, '17:24:10', '00:04:05', NULL, NULL, NULL, NULL, 18, NULL, 3),
(5, '2020-10-19', 2, 1, '17:24:10', '00:00:23', NULL, NULL, NULL, NULL, 18, NULL, 3),
(6, '2020-10-19', 2, 1, '17:26:40', '00:02:51', NULL, NULL, NULL, NULL, 18, NULL, 3),
(7, '2020-10-19', 2, 1, '17:35:07', '00:00:15', NULL, NULL, NULL, NULL, 18, NULL, 3),
(8, '2020-10-19', 2, 1, '17:37:32', '00:19:08', NULL, NULL, NULL, NULL, 18, NULL, 3),
(9, '2020-10-19', 2, 1, '18:00:44', '00:04:22', NULL, NULL, NULL, NULL, 1, NULL, 3),
(10, '2020-10-19', 2, 1, '18:41:26', '00:00:01', 6, NULL, NULL, NULL, NULL, NULL, 4),
(11, '2020-10-19', 2, 1, '18:57:37', '00:07:14', NULL, NULL, NULL, NULL, 18, NULL, 3),
(12, '2020-10-22', 1, 1, '14:43:36', '00:00:24', NULL, NULL, NULL, NULL, 17, NULL, 3),
(13, '2020-10-22', 1, 1, '14:48:22', '00:00:12', NULL, NULL, NULL, NULL, 17, NULL, 3),
(14, '2020-10-22', 2, 1, '14:59:37', '00:00:46', NULL, NULL, NULL, NULL, 18, NULL, 3),
(15, '2020-10-22', 1, 1, '15:37:32', '00:00:39', NULL, NULL, NULL, NULL, 18, NULL, 3),
(16, '2020-10-22', 1, 1, '15:40:42', '00:05:06', NULL, NULL, NULL, NULL, 18, NULL, 3),
(17, '2020-10-22', 2, 1, '15:49:41', '00:05:44', NULL, NULL, NULL, NULL, 6, NULL, 3),
(18, '2020-10-22', 2, 1, '15:58:26', '00:02:40', NULL, NULL, NULL, NULL, 7, NULL, 3),
(19, '2020-10-22', 2, 1, '16:03:48', '00:02:31', NULL, NULL, NULL, NULL, 6, NULL, 3),
(20, '2020-10-22', 2, 1, '16:19:59', '00:03:52', NULL, NULL, NULL, NULL, 18, NULL, 3),
(21, '2020-10-22', 2, 1, '16:19:59', '00:00:45', NULL, NULL, NULL, NULL, 11, NULL, 3),
(22, '2020-10-22', 2, 1, '16:22:50', '00:01:38', NULL, NULL, NULL, NULL, 15, NULL, 3),
(23, '2020-10-22', 1, 1, '16:47:35', '00:00:32', NULL, NULL, NULL, NULL, 12, NULL, 3),
(24, '2020-10-22', 1, 1, '16:50:38', '00:00:58', NULL, NULL, NULL, NULL, 18, NULL, 3),
(25, '2020-10-22', 1, 1, '16:54:10', '00:03:56', NULL, NULL, NULL, NULL, 14, NULL, 3),
(26, '2020-10-22', 2, 1, '17:02:25', '00:10:42', NULL, NULL, NULL, NULL, 1, NULL, 3),
(27, '2020-10-22', 1, 1, '17:20:02', '00:00:36', NULL, NULL, NULL, NULL, 2, NULL, 3),
(28, '2020-10-22', 2, 1, '17:25:22', '00:01:46', NULL, NULL, NULL, NULL, 18, NULL, 3),
(29, '2020-10-23', 2, 1, '08:49:15', '00:00:44', NULL, NULL, NULL, NULL, 16, NULL, 3),
(30, '2020-10-23', 2, 1, '09:40:55', '00:00:11', NULL, NULL, NULL, NULL, 17, NULL, 3),
(31, '2020-10-23', 2, 1, '09:53:13', '00:00:47', NULL, NULL, NULL, NULL, 1, NULL, 3),
(32, '2020-10-23', 2, 1, '10:51:21', '00:00:20', NULL, NULL, NULL, NULL, 1, NULL, 3),
(33, '2020-10-23', 2, 1, '11:47:46', '00:00:00', NULL, 21, NULL, NULL, NULL, NULL, 2),
(34, '2020-10-23', 2, 1, '15:35:08', '00:00:00', NULL, 21, NULL, NULL, NULL, NULL, 2),
(35, '2020-10-26', 2, 1, '08:38:30', '00:00:48', 5, NULL, NULL, NULL, NULL, NULL, 4),
(36, '2020-11-03', 2, 1, '12:18:09', '00:00:19', NULL, NULL, NULL, NULL, 16, NULL, 3),
(37, '2020-11-03', 2, 1, '13:33:35', '00:09:00', NULL, NULL, NULL, NULL, 18, NULL, 3),
(38, '2020-11-03', 2, 1, '13:52:05', '00:00:09', NULL, NULL, NULL, NULL, 18, NULL, 3),
(39, '2020-11-03', 2, 1, '13:58:55', '00:00:07', NULL, NULL, NULL, NULL, 18, NULL, 3),
(40, '2020-11-03', 2, 1, '15:11:36', '00:12:20', NULL, NULL, NULL, NULL, 18, NULL, 3),
(41, '2020-11-03', 2, 1, '15:46:54', '00:13:21', NULL, NULL, NULL, NULL, 18, NULL, 3),
(42, '2020-11-03', 2, 1, '15:46:54', '00:00:06', NULL, NULL, NULL, NULL, 18, NULL, 3),
(43, '2020-11-04', 2, 1, '08:24:02', '00:05:55', NULL, NULL, NULL, NULL, 1, NULL, 3),
(44, '2020-11-04', 2, 1, '09:30:39', '00:00:15', NULL, NULL, NULL, NULL, 18, NULL, 3),
(45, '2020-11-04', 4, 3, '11:27:10', '00:00:07', 6, NULL, NULL, NULL, NULL, NULL, 4),
(46, '2020-11-05', 1, 1, '09:10:57', '00:04:41', 5, NULL, NULL, NULL, NULL, NULL, 4),
(47, '2020-11-05', 1, 1, '10:04:02', '00:02:10', NULL, NULL, NULL, NULL, 18, NULL, 3),
(48, '2020-11-05', 1, 1, '10:34:21', '00:00:14', NULL, NULL, NULL, NULL, 18, NULL, 3),
(49, '2020-11-05', 1, 1, '14:01:07', '00:00:02', NULL, NULL, NULL, NULL, 18, NULL, 3),
(50, '2020-11-05', 1, 1, '14:48:01', '00:09:44', NULL, NULL, NULL, NULL, 16, NULL, 3),
(52, '2020-11-05', 1, 1, '16:25:13', '00:00:11', NULL, NULL, NULL, NULL, 16, NULL, 3),
(53, '2020-11-05', 7, 1, '17:07:02', '00:00:00', NULL, 21, NULL, NULL, NULL, NULL, 2),
(54, '2020-11-05', 7, 1, '16:35:39', '00:00:02', 6, NULL, NULL, NULL, NULL, NULL, 4),
(55, '2020-11-12', 2, 1, '10:37:20', '00:00:37', 5, NULL, NULL, NULL, NULL, NULL, 4),
(56, '2020-11-12', 2, 1, '12:48:57', '00:00:29', NULL, NULL, NULL, NULL, 18, NULL, 3),
(57, '2020-11-12', 2, 1, '13:37:19', '00:05:59', NULL, NULL, NULL, NULL, 1, NULL, 3),
(58, '2020-11-12', 2, 1, '13:48:16', '00:06:49', NULL, NULL, NULL, NULL, 18, NULL, 3),
(59, '2020-11-12', 2, 1, '15:28:59', '00:00:13', NULL, NULL, NULL, NULL, 18, NULL, 3),
(60, '2020-11-12', 2, 1, '15:50:43', '00:00:02', NULL, NULL, NULL, NULL, 18, NULL, 3),
(61, '2020-11-12', 2, 1, '15:51:19', '00:00:23', NULL, NULL, NULL, NULL, 18, NULL, 3),
(62, '2020-11-13', 1, 1, '08:38:57', '00:00:16', NULL, NULL, NULL, NULL, 12, NULL, 3),
(63, '2020-11-13', 1, 1, '10:22:16', '00:00:07', NULL, NULL, NULL, NULL, 17, NULL, 3),
(64, '2020-11-13', 1, 1, '16:59:54', '00:00:03', NULL, NULL, NULL, NULL, 18, NULL, 3),
(66, '2020-11-16', 1, 1, '11:31:50', '00:00:29', NULL, NULL, NULL, NULL, 18, NULL, 3),
(67, '2020-11-16', 1, 1, '11:55:23', '00:00:49', NULL, NULL, NULL, NULL, 14, NULL, 3),
(68, '2020-11-16', 1, 1, '13:05:21', '00:00:06', NULL, NULL, NULL, NULL, 13, NULL, 3),
(69, '2020-11-16', 1, 1, '13:08:09', '00:01:11', NULL, NULL, NULL, NULL, 14, NULL, 3),
(70, '2020-11-16', 1, 1, '13:11:58', '00:13:08', NULL, NULL, NULL, NULL, 13, NULL, 3),
(71, '2020-11-16', 1, 1, '16:25:43', '00:00:07', NULL, NULL, NULL, NULL, 17, NULL, 3),
(77, '2020-11-18', 1, 1, '10:01:39', '00:00:27', NULL, NULL, NULL, NULL, 18, NULL, 3),
(78, '2020-11-18', 1, 1, '10:19:04', '00:00:18', NULL, NULL, NULL, NULL, 18, NULL, 3),
(79, '2020-11-18', 1, 1, '11:36:09', '00:00:03', NULL, NULL, NULL, NULL, 9, NULL, 3),
(80, '2020-11-18', 1, 1, '11:36:13', '00:03:00', NULL, NULL, NULL, NULL, NULL, 10, 6),
(81, '2020-11-18', 1, 1, '15:28:53', '00:00:06', NULL, NULL, NULL, NULL, 18, NULL, 3),
(82, '2020-11-18', 1, 1, '15:48:33', '00:00:03', NULL, NULL, NULL, NULL, 18, NULL, 3),
(83, '2020-11-18', 7, 1, '18:30:00', '00:00:00', NULL, NULL, NULL, 3, NULL, NULL, 5),
(84, '2020-11-18', 7, 1, '18:30:00', '00:00:00', NULL, NULL, NULL, 3, NULL, NULL, 5),
(85, '2020-11-25', 1, 1, '11:17:28', '00:00:02', NULL, NULL, NULL, NULL, 18, NULL, 3),
(86, '2020-11-26', 1, 1, '14:39:25', '00:00:05', NULL, NULL, NULL, NULL, 18, NULL, 3),
(87, '2020-12-04', 2, 1, '08:52:26', '00:00:12', NULL, NULL, NULL, NULL, 18, NULL, 3),
(88, '2020-12-04', 2, 1, '09:29:05', '00:00:50', NULL, NULL, NULL, NULL, 18, NULL, 3),
(89, '2020-12-04', 2, 1, '09:37:44', '00:00:06', NULL, NULL, NULL, NULL, 18, NULL, 3),
(90, '2020-12-04', 2, 1, '09:37:44', '00:00:15', NULL, NULL, NULL, NULL, 18, NULL, 3),
(91, '2020-12-04', 2, 1, '11:32:22', '00:00:03', NULL, NULL, NULL, NULL, 18, NULL, 3),
(92, '2020-12-04', 7, 1, '11:32:22', '00:00:01', NULL, NULL, NULL, NULL, 18, NULL, 3),
(93, '2020-12-04', 7, 1, '11:42:23', '00:00:02', 6, NULL, NULL, NULL, NULL, NULL, 4);

-- --------------------------------------------------------

--
-- Table structure for table `fp_average`
--

CREATE TABLE `fp_average` (
  `id` int(11) NOT NULL,
  `date` date NOT NULL
) ENGINE=InnoDB DEFAULT CHARSET=utf8mb4;

-- --------------------------------------------------------

--
-- Table structure for table `fp_dt_daily`
--

CREATE TABLE `fp_dt_daily` (
  `id` int(11) NOT NULL,
  `date` date NOT NULL
) ENGINE=InnoDB DEFAULT CHARSET=utf8mb4;

-- --------------------------------------------------------

--
-- Table structure for table `fp_real_time`
--

CREATE TABLE `fp_real_time` (
  `id` int(11) NOT NULL,
  `date` date NOT NULL,
  `part_no_id` int(11) NOT NULL,
  `shift_id` int(11) NOT NULL,
  `max_speed` varchar(25) NOT NULL,
  `actual_speed` varchar(25) NOT NULL,
  `speed_loss` varchar(25) NOT NULL,
  `operation_state` varchar(25) NOT NULL,
  `downtime_state` varchar(25) NOT NULL
) ENGINE=InnoDB DEFAULT CHARSET=utf8mb4;

--
-- Dumping data for table `fp_real_time`
--

INSERT INTO `fp_real_time` (`id`, `date`, `part_no_id`, `shift_id`, `max_speed`, `actual_speed`, `speed_loss`, `operation_state`, `downtime_state`) VALUES
(0, '2020-12-04', 7, 1, '5212.1', '0.0', '5212.1', '1.0', '4.0');

-- --------------------------------------------------------

--
-- Table structure for table `fp_setting`
--

CREATE TABLE `fp_setting` (
  `id` int(11) NOT NULL,
  `date` date NOT NULL,
  `part_no_id` int(25) NOT NULL,
  `shift_id` int(11) NOT NULL
) ENGINE=InnoDB DEFAULT CHARSET=utf8mb4;

--
-- Dumping data for table `fp_setting`
--

INSERT INTO `fp_setting` (`id`, `date`, `part_no_id`, `shift_id`) VALUES
(1, '2020-12-04', 2, 1);

-- --------------------------------------------------------

--
-- Table structure for table `machine_info`
--

CREATE TABLE `machine_info` (
  `id` int(11) NOT NULL,
  `organization` varchar(255) NOT NULL,
  `factory` varchar(255) NOT NULL,
  `area` varchar(255) NOT NULL,
  `machine_name` varchar(255) NOT NULL,
  `machine_id` varchar(255) NOT NULL
) ENGINE=InnoDB DEFAULT CHARSET=utf8mb4;

-- --------------------------------------------------------

--
-- Table structure for table `performance`
--

CREATE TABLE `performance` (
  `id` int(11) NOT NULL,
  `date` date NOT NULL,
  `time` time NOT NULL,
  `shift_id` int(11) NOT NULL,
  `part_no_id` int(11) NOT NULL,
  `availability` varchar(25) NOT NULL,
  `speed` varchar(25) NOT NULL,
  `yield` varchar(25) NOT NULL,
  `gsph` varchar(25) NOT NULL,
  `achievement` varchar(25) NOT NULL,
  `oee` varchar(25) NOT NULL,
  `utilization` varchar(25) NOT NULL
) ENGINE=InnoDB DEFAULT CHARSET=utf8mb4;

--
-- Dumping data for table `performance`
--

INSERT INTO `performance` (`id`, `date`, `time`, `shift_id`, `part_no_id`, `availability`, `speed`, `yield`, `gsph`, `achievement`, `oee`, `utilization`) VALUES
(1, '2020-09-25', '23:58:54', 1, 1, '0.3', '243000.0', '81.5', '271.5', '108.0', '553.1', '0.4'),
(2, '2020-09-30', '17:22:40', 2, 1, '5.4', '0.0', '0.0', '0.0', '0.0', '0.0', '1.1'),
(3, '2020-10-19', '11:16:58', 1, 1, '17.0', '434.5', '100.0', '29.5', '5.8', '73.8', '1.0'),
(4, '2020-10-19', '12:41:31', 1, 1, '0.0', '0.0', '93.1', '0.0', '29.0', '0.0', '0.0'),
(5, '2020-10-19', '12:42:15', 1, 1, '0.0', '0.0', '93.1', '0.0', '29.0', '0.0', '0.0'),
(6, '2020-10-19', '17:07:17', 1, 1, '100.0', '5742.9', '93.8', '2297.1', '113.0', '5387.1', '0.2'),
(7, '2020-10-19', '17:15:44', 1, 2, '99.6', '2698.9', '93.8', '806.4', '113.0', '2521.6', '0.6'),
(8, '2020-10-19', '18:31:26', 1, 2, '37.5', '0.0', '0.0', '0.0', '0.0', '0.0', '3.5'),
(9, '2020-10-19', '18:51:35', 1, 2, '0.0', '-0.0', '0.0', '0.0', '0.0', '0.0', '0.0'),
(10, '2020-10-19', '18:52:51', 1, 2, '0.0', '0.0', '0.0', '0.0', '0.0', '0.0', '0.0'),
(11, '2020-10-19', '18:54:01', 1, 2, '0.0', '0.0', '0.0', '0.0', '0.0', '0.0', '0.0'),
(12, '2020-10-19', '19:05:48', 1, 2, '30.1', '2187.9', '88.2', '197.3', '68.0', '580.2', '0.7'),
(13, '2020-10-19', '19:07:37', 1, 1, '100.0', '3155.3', '88.2', '1262.1', '68.0', '2784.1', '0.1'),
(14, '2020-10-22', '12:35:38', 1, 1, '100.0', '0.0', '0.0', '0.0', '0.0', '0.0', '0.0'),
(15, '2020-10-22', '12:35:54', 1, 1, '0.0', '0.0', '0.0', '0.0', '0.0', '0.0', '0.0'),
(16, '2020-10-22', '14:51:16', 1, 1, '93.9', '32.5', '50.0', '12.2', '100.0', '15.2', '0.7'),
(17, '2020-10-22', '14:54:41', 1, 2, '100.0', '0.0', '0.0', '0.0', '0.0', '0.0', '0.2'),
(18, '2020-10-22', '14:55:11', 1, 2, '100.0', '0.0', '0.0', '0.0', '0.0', '0.0', '0.0'),
(19, '2020-10-22', '15:04:34', 1, 2, '91.8', '116.5', '60.0', '32.1', '250.0', '64.2', '0.6'),
(20, '2020-10-22', '15:09:40', 1, 2, '100.0', '1238.1', '50.0', '371.4', '300.0', '619.0', '0.1'),
(21, '2020-10-22', '15:29:21', 1, 1, '100.0', '0.0', '0.0', '0.0', '0.0', '0.0', '0.1'),
(22, '2020-10-22', '15:31:14', 1, 2, '100.0', '714.1', '50.0', '214.2', '120.0', '357.0', '0.1'),
(23, '2020-10-22', '15:31:56', 1, 1, '100.0', '0.0', '0.0', '0.0', '0.0', '0.0', '0.0'),
(24, '2020-10-22', '15:33:25', 1, 2, '100.0', '823.4', '50.0', '247.0', '120.0', '411.7', '0.1'),
(25, '2020-10-22', '15:46:35', 1, 1, '55.7', '0.0', '0.0', '0.0', '0.0', '0.0', '0.9'),
(26, '2020-10-22', '16:25:27', 1, 2, '54.5', '87.6', '33.3', '14.3', '180.0', '15.9', '2.6'),
(27, '2020-10-22', '16:58:54', 1, 1, '67.4', '40.1', '33.3', '10.8', '6.7', '9.0', '1.2'),
(28, '2020-10-22', '17:16:48', 1, 2, '40.1', '83.9', '0.0', '10.1', '60.0', '0.0', '1.2'),
(29, '2020-10-22', '17:22:04', 1, 1, '88.5', '0.0', '0.0', '0.0', '0.0', '0.0', '0.4'),
(30, '2020-10-22', '17:27:29', 1, 2, '67.2', '165.8', '0.0', '33.4', '60.0', '0.0', '0.4'),
(31, '2020-10-22', '17:30:23', 1, 1, '100.0', '210.4', '25.0', '84.1', '80.0', '52.6', '0.2'),
(32, '2020-10-22', '17:37:05', 1, 7, '100.0', '0.0', '0.0', '0.0', '0.0', '0.0', '0.1'),
(33, '2020-10-22', '17:43:27', 1, 3, '100.0', '174.6', '0.0', '52.4', '60.0', '0.0', '0.2'),
(34, '2020-10-22', '17:45:54', 1, 4, '100.0', '0.0', '0.0', '0.0', '0.0', '0.0', '0.2'),
(35, '2020-10-22', '17:47:57', 1, 4, '100.0', '99.0', '0.0', '29.7', '20.0', '0.0', '0.1'),
(36, '2020-10-22', '17:50:36', 1, 1, '100.0', '343.8', '16.7', '137.5', '120.0', '57.3', '0.2'),
(37, '2020-10-23', '17:03:56', 1, 2, '99.1', '0.0', '0.0', '0.0', '0.0', '0.0', '16.4'),
(38, '2020-10-26', '13:35:48', 1, 2, '99.5', '158.3', '96.4', '47.3', '103.7', '151.9', '12.3'),
(39, '2020-10-30', '14:55:17', 1, 4, '93.2', '0.0', '0.0', '0.0', '0.0', '0.0', '17.3'),
(40, '2020-11-03', '17:45:49', 1, 2, '72.6', '0.0', '0.0', '0.0', '0.0', '0.0', '9.0'),
(41, '2020-11-04', '11:17:34', 1, 2, '94.7', '149.2', '100.0', '42.4', '103.8', '141.4', '8.2'),
(42, '2020-11-05', '08:26:09', 3, 4, '98.8', '0.0', '0.0', '0.0', '0.0', '0.0', '0.7'),
(43, '2020-11-05', '18:02:13', 1, 7, '91.6', '0.0', '0.0', '0.0', '0.0', '0.0', '24.0'),
(44, '2020-11-12', '16:00:53', 1, 2, '94.3', '154.1', '100.0', '43.6', '116.3', '145.4', '17.8'),
(45, '2020-11-13', '17:49:29', 1, 1, '99.8', '131.9', '100.0', '52.7', '99.8', '131.7', '33.2'),
(46, '2020-11-16', '17:13:21', 1, 1, '96.7', '135.3', '92.1', '52.3', '100.0', '120.6', '33.4'),
(49, '2020-11-18', '16:11:36', 1, 7, '99.0', '0.0', '0.0', '0.0', '0.0', '0.0', '27.8'),
(51, '2020-11-25', '12:44:46', 1, 7, '100.0', '0.0', '0.0', '0.0', '0.0', '0.0', '12.2'),
(52, '2020-11-26', '09:17:49', 1, 1, '100.0', '0.0', '0.0', '0.0', '0.0', '0.0', '0.0'),
(53, '2020-11-26', '14:44:26', 1, 7, '100.0', '0.0', '0.0', '0.0', '0.0', '0.0', '18.5'),
(54, '2020-12-04', '11:51:56', 1, 7, '98.3', '0.0', '0.0', '0.0', '0.0', '0.0', '6.1');

-- --------------------------------------------------------

--
-- Table structure for table `realtime_average`
--

CREATE TABLE `realtime_average` (
  `id` int(11) NOT NULL,
  `date` date NOT NULL,
  `shift_id` int(11) NOT NULL,
  `availability` varchar(25) NOT NULL,
  `speed` varchar(25) NOT NULL,
  `yield` varchar(25) NOT NULL,
  `gsph` varchar(25) NOT NULL,
  `achievement` varchar(25) NOT NULL,
  `oee` varchar(25) NOT NULL,
  `utilization` varchar(25) NOT NULL
) ENGINE=InnoDB DEFAULT CHARSET=utf8mb4;

--
-- Dumping data for table `realtime_average`
--

INSERT INTO `realtime_average` (`id`, `date`, `shift_id`, `availability`, `speed`, `yield`, `gsph`, `achievement`, `oee`, `utilization`) VALUES
(1, '2020-09-25', 1, '0.3', '243000.0', '81.5', '279.3', '108.0', '569.0', '0.4'),
(2, '2020-09-30', 2, '5.4', '0.0', '0.0', '0.0', '0.0', '0.0', '1.1'),
(3, '2020-10-19', 1, '17.3', '372.4', '100.0', '25.8', '5.0', '64.4', '1.0'),
(4, '2020-10-19', 1, '', '', '', '', '', '', ''),
(5, '2020-10-19', 1, '', '', '', '', '', '', ''),
(6, '2020-10-19', 1, '11.6', '486.0', '48.8', '154.6', '12.3', '363.8', '0.3'),
(7, '2020-10-19', 1, '29.2', '932.1', '57.8', '286.0', '32.4', '798.7', '0.4'),
(8, '2020-10-19', 1, '35.8', '1102.6', '63.8', '316.9', '45.9', '911.3', '0.7'),
(10, '2020-10-19', 1, '', '', '', '', '', '', ''),
(11, '2020-10-19', 1, '31.1', '911.3', '50.8', '262.9', '37.9', '762.2', '0.6'),
(12, '2020-10-19', 1, '', '', '', '', '', '', ''),
(13, '2020-10-19', 1, '27.7', '810.7', '43.6', '227.1', '33.4', '661.5', '0.6'),
(15, '2020-10-19', 1, '29.1', '910.3', '48.2', '273.1', '34.8', '754.5', '0.5'),
(17, '2020-10-22', 1, '100.0', '0.0', '0.0', '0.0', '0.0', '0.0', '0.0'),
(18, '2020-10-22', 1, '', '', '', '', '', '', ''),
(19, '2020-10-22', 1, '54.9', '3.6', '5.6', '1.4', '11.1', '1.7', '0.1'),
(20, '2020-10-22', 1, '66.2', '2.7', '4.2', '1.0', '8.3', '1.3', '0.1'),
(21, '2020-10-22', 1, '72.9', '2.2', '3.3', '0.8', '6.7', '1.0', '0.1'),
(22, '2020-10-22', 1, '77.0', '8.3', '6.1', '2.5', '19.4', '4.4', '0.1'),
(24, '2020-10-22', 1, '80.0', '55.5', '9.2', '16.5', '36.3', '28.2', '0.1'),
(25, '2020-10-22', 1, '79.2', '49.6', '9.6', '14.8', '34.9', '25.1', '0.1'),
(27, '2020-10-22', 1, '81.3', '90.9', '12.1', '27.2', '45.9', '45.9', '0.2'),
(28, '2020-10-22', 1, '81.1', '82.5', '11.9', '24.7', '43.3', '41.6', '0.2'),
(29, '2020-10-22', 1, '82.7', '120.0', '14.0', '35.9', '51.3', '60.4', '0.2'),
(30, '2020-10-22', 1, '82.0', '110.5', '13.5', '33.1', '48.5', '55.6', '0.2'),
(31, '2020-10-22', 1, '82.8', '134.7', '15.1', '40.2', '55.4', '67.5', '0.2'),
(32, '2020-10-22', 1, '82.1', '125.9', '14.9', '37.6', '52.5', '62.9', '0.2'),
(33, '2020-10-22', 1, '82.4', '143.0', '15.9', '42.5', '57.6', '70.9', '0.2'),
(34, '2020-10-22', 1, '82.0', '134.6', '15.6', '40.0', '54.8', '66.7', '0.2'),
(35, '2020-10-22', 1, '82.1', '147.8', '16.3', '43.7', '58.7', '72.4', '0.3'),
(36, '2020-10-22', 1, '81.9', '141.4', '16.0', '41.9', '56.6', '68.8', '0.3'),
(37, '2020-10-22', 1, '82.8', '134.0', '15.2', '39.7', '53.6', '65.2', '0.3'),
(39, '2020-10-22', 1, '83.7', '136.5', '14.4', '40.5', '54.0', '61.9', '0.3'),
(40, '2020-10-22', 1, '84.5', '130.0', '13.7', '38.6', '51.4', '59.0', '0.3'),
(41, '2020-10-22', 1, '85.2', '126.5', '13.1', '37.5', '49.5', '56.3', '0.3'),
(42, '2020-10-22', 1, '85.0', '123.7', '13.1', '37.0', '48.7', '54.5', '0.3'),
(44, '2020-10-23', 1, '99.1', '0.0', '0.0', '0.0', '0.0', '0.0', '16.4'),
(47, '2020-10-26', 1, '99.5', '158.4', '96.4', '47.3', '103.7', '152.1', '12.3'),
(49, '2020-10-30', 1, '93.2', '0.0', '0.0', '0.0', '0.0', '0.0', '17.3'),
(50, '2020-11-03', 1, '72.6', '0.0', '0.0', '0.0', '0.0', '0.0', '9.0'),
(51, '2020-11-04', 1, '94.7', '149.3', '100.0', '42.4', '103.8', '141.4', '8.2'),
(52, '2020-11-04', 3, '0.0', '0.0', '0.0', '0.0', '0.0', '0.0', '0.0'),
(53, '2020-11-05', 1, '91.6', '114.5', '93.0', '41.9', '100.8', '97.5', '24.0'),
(55, '2020-11-12', 1, '94.3', '154.2', '100.0', '43.6', '116.3', '145.4', '17.8'),
(60, '2020-11-13', 1, '99.8', '131.9', '100.0', '52.7', '99.8', '131.7', '33.1'),
(63, '2020-11-16', 1, '96.7', '135.3', '92.1', '52.4', '100.0', '120.6', '33.4'),
(68, '2020-11-18', 1, '99.0', '150.2', '100.0', '59.5', '96.6', '148.7', '27.8'),
(72, '2020-11-25', 1, '100.0', '150.5', '97.2', '60.2', '100.0', '146.2', '12.2'),
(74, '2020-11-26', 1, '100.0', '0.0', '0.0', '0.0', '0.0', '0.0', '0.0'),
(76, '2020-11-26', 1, '100.0', '0.0', '0.0', '0.0', '0.0', '0.0', '4.6'),
(78, '2020-12-04', 1, '98.4', '159.0', '100.0', '46.9', '60.0', '156.4', '6.1');

-- --------------------------------------------------------

--
-- Table structure for table `real_time`
--

CREATE TABLE `real_time` (
  `id` int(11) NOT NULL,
  `date` date NOT NULL,
  `time` time NOT NULL,
  `plan_production` varchar(20) DEFAULT '0',
  `no_production` varchar(20) DEFAULT '0',
  `dies_change` varchar(20) DEFAULT '0',
  `production_dt` varchar(20) DEFAULT '0',
  `dies_change_dt` varchar(20) DEFAULT '0',
  `machine_dt` varchar(20) DEFAULT '0',
  `dies_dt` varchar(20) DEFAULT '0',
  `quality_dt` varchar(20) DEFAULT '0',
  `material_dt` varchar(20) DEFAULT '0',
  `part_no_id` int(11) NOT NULL,
  `qty_plan` varchar(20) NOT NULL,
  `shift_id` int(11) NOT NULL,
  `qty_total` varchar(25) NOT NULL,
  `qty_ok` varchar(25) NOT NULL,
  `qty_reject` varchar(25) NOT NULL,
  `good_footage` varchar(25) NOT NULL,
  `rejection_footage` varchar(25) NOT NULL,
  `total_dt` varchar(25) NOT NULL DEFAULT '0',
  `start_time` time NOT NULL,
  `qty_rework` varchar(25) NOT NULL,
  `qty_scrap` varchar(25) NOT NULL,
  `gsph` varchar(25) NOT NULL,
  `max_speed` varchar(20) NOT NULL,
  `actual_speed` varchar(20) NOT NULL,
  `speed_loss` varchar(20) NOT NULL,
  `operation_state` varchar(25) NOT NULL,
  `downtime_state` varchar(25) NOT NULL
) ENGINE=InnoDB DEFAULT CHARSET=utf8mb4;

--
-- Dumping data for table `real_time`
--

INSERT INTO `real_time` (`id`, `date`, `time`, `plan_production`, `no_production`, `dies_change`, `production_dt`, `dies_change_dt`, `machine_dt`, `dies_dt`, `quality_dt`, `material_dt`, `part_no_id`, `qty_plan`, `shift_id`, `qty_total`, `qty_ok`, `qty_reject`, `good_footage`, `rejection_footage`, `total_dt`, `start_time`, `qty_rework`, `qty_scrap`, `gsph`, `max_speed`, `actual_speed`, `speed_loss`, `operation_state`, `downtime_state`) VALUES
(1, '2020-09-25', '23:58:54', '358.0', '3.0', '0.0', '357.0', '0.0', '0.0', '0.0', '0.0', '0.0', 1, '25.0', 1, '27.0', '22.0', '5.0', '1980.0', '450.0', '357.0', '23:52:58', '0.0', '5.0', '271.5', '1.0', '2430.0', '-2429.0', '2.0', '3.0'),
(2, '2020-09-30', '16:54:39', '0', '0', '0', '0', '0', '0', '0', '0', '0', 7, '', 2, '0', '0', '0', '0', '0', '0', '00:00:00', '0', '0', '0', '0', '0', '0', '0', '-1.0'),
(3, '2020-09-30', '17:22:40', '960.0', '423.0', '0.0', '908.0', '0.0', '0.0', '0.0', '0.0', '0.0', 1, '20.0', 2, '0.0', '0.0', '0.0', '0.0', '0.0', '908.0', '16:59:52', '0.0', '0.0', '0.0', '52.0', '0.0', '52.0', '1.0', '-1.0'),
(4, '2020-10-19', '11:16:58', '760.0', '365.0', '94.0', '709.0', '0.0', '0.0', '0.0', '0.0', '0.0', 1, '120.0', 1, '7.0', '7.0', '0.0', '630.0', '0.0', '709.0', '10:57:47', '0.0', '0.0', '29.5', '145.0', '630.0', '-485.0', '2.0', '3.0'),
(5, '2020-10-19', '12:41:31', '0.0', '41.2', '0.0', '0.0', '0.0', '0.0', '0.0', '0.0', '0.0', 1, '100.0', 1, '29.0', '27.0', '2.0', '2430.0', '180.0', '0.0', '12:40:49', '0.0', '2.0', '0.0', '0.0', '2610.0', '-2610.0', '1.0', '-1.0'),
(6, '2020-10-19', '12:42:15', '0.0', '44.2', '0.0', '0.0', '0.0', '0.0', '0.0', '0.0', '0.0', 1, '100.0', 1, '29.0', '27.0', '2', '2430.0', '180.0', '0.0', '12:41:31', '0.0', '2.0', '0.0', '0.0', '2610.0', '-2610.0', '1.0', '-1.0'),
(7, '2020-10-19', '17:07:17', '80.3', '0.0', '96.8', '0.0', '0.0', '0.0', '0.0', '0.0', '0.0', 1, '100.0', 1, '113.0', '106.0', '7.0', '9540.0', '630.0', '0.0', '17:04:19', '0.0', '7.0', '2297.1', '177.1', '10170.0', '-9992.9', '3.0', '-1.0'),
(8, '2020-10-19', '17:15:44', '480.0', '0.0', '24.5', '2.0', '0.0', '0.0', '0.0', '0.0', '0.0', 2, '100.0', 1, '113.0', '106.0', '7.0', '12720.0', '840.0', '2.0', '17:07:17', '0.0', '7.0', '806.4', '502.4', '13560.0', '-13057.6', '3.0', '-1.0'),
(9, '2020-10-19', '18:31:36', '2975.7', '0.0', '5.5', '1864.0', '0.0', '0.0', '0.0', '0.0', '0.0', 2, '100.0', 1, '0.0', '-4.0', '4', '-480.0', '480.0', '1864.0', '17:15:44', '0.0', '4.0', '0.0', '1117.2', '0.0', '1117.2', '3.0', '-1.0'),
(10, '2020-10-19', '18:31:37', '0', '0', '0', '0', '0', '0', '0', '0', '0', 7, '', 1, '', '', '', '', '', '0', '00:00:00', '', '', '', '', '', '', '', ''),
(11, '2020-10-19', '18:51:49', '0.0', '0.0', '0.0', '0.0', '1.0', '0.0', '0.0', '0.0', '0.0', 2, '100.0', 1, '0.0', '-4.0', '4', '-480.0', '480.0', '1.0', '18:49:54', '0.0', '4.0', '0.0', '-1.0', '0.0', '-1.0', '3.0', '-1.0'),
(12, '2020-10-19', '18:53:25', '0.0', '0.0', '0.0', '0.0', '0.0', '0.0', '0.0', '0.0', '0.0', 2, '100.0', 1, '0.0', '-4.0', '4', '-480.0', '480.0', '0.0', '18:51:49', '0.0', '4.0', '0.0', '0.0', '0.0', '0.0', '3.0', '-1.0'),
(13, '2020-10-19', '18:54:13', '0.0', '0.0', '0.0', '0.0', '0.0', '0.0', '0.0', '0.0', '0.0', 2, '100.0', 1, '0.0', '-4.0', '4', '-480.0', '480.0', '0.0', '18:53:26', '0.0', '4.0', '0.0', '0.0', '0.0', '0.0', '3.0', '-1.0'),
(14, '2020-10-19', '19:05:48', '603.8', '0.0', '16.7', '434.0', '0.0', '0.0', '0.0', '0.0', '0.0', 2, '50.0', 1, '34.0', '30.0', '4.0', '3600.0', '480.0', '434.0', '18:55:27', '0.0', '4.0', '197.3', '186.5', '4080.0', '-3893.5', '3.0', '-1.0'),
(15, '2020-10-19', '19:05:49', '0', '0', '0', '0', '0', '0', '0', '0', '0', 7, '', 1, '', '', '', '', '', '0', '00:00:00', '', '', '', '', '', '', '', ''),
(16, '2020-10-19', '19:07:37', '89.1', '0.0', '7.9', '0.0', '0.0', '0.0', '0.0', '0.0', '0.0', 1, '50.0', 1, '34.0', '30.0', '4.0', '2700.0', '360.0', '0.0', '19:05:58', '0.0', '4.0', '1262.1', '97.0', '3060.0', '-2963.0', '3.0', '-1.0'),
(17, '2020-10-19', '19:07:37', '0', '0', '0', '0', '0', '0', '0', '0', '0', 7, '', 1, '', '', '', '', '', '0', '00:00:00', '', '', '', '', '', '', '', ''),
(18, '2020-10-22', '12:35:46', '0.0', '0.0', '0.0', '0.0', '0.0', '0.0', '0.0', '0.0', '0.0', 1, '2.0', 1, '0.0', '0.0', '0', '0.0', '0.0', '0.0', '12:30:29', '0.0', '0.0', '0.0', '0.0', '0.0', '0.0', '3.0', '-1.0'),
(19, '2020-10-22', '12:38:34', '0.0', '0.0', '0.0', '0.0', '0.0', '0.0', '0.0', '0.0', '0.0', 1, '2.0', 1, '0.0', '0.0', '0', '0.0', '0.0', '0.0', '12:35:47', '0.0', '0.0', '0.0', '0.0', '0.0', '0.0', '2.0', '-1.0'),
(20, '2020-10-22', '14:51:16', '573.1', '0.0', '17.4', '36.0', '0.0', '0.0', '0.0', '0.0', '0.0', 1, '2.0', 1, '2.0', '1.0', '1.0', '90.0', '90.0', '36.0', '14:41:24', '0.0', '1.0', '12.2', '554.4', '180.0', '374.4', '3.0', '-1.0'),
(21, '2020-10-22', '14:54:41', '187.3', '0.0', '15.7', '0.0', '0.0', '0.0', '0.0', '0.0', '0.0', 2, '2.0', 1, '0.0', '0.0', '0.0', '0.0', '0.0', '0.0', '14:51:16', '0.0', '0.0', '0.0', '203.0', '0.0', '203.0', '3.0', '-1.0'),
(22, '2020-10-22', '14:55:11', '0.0', '0.0', '28.4', '0.0', '0.0', '0.0', '0.0', '0.0', '0.0', 2, '2.0', 1, '0.0', '0.0', '0.0', '0.0', '0.0', '0.0', '14:54:42', '0.0', '0.0', '0.0', '28.4', '0.0', '28.4', '3.0', '-1.0'),
(23, '2020-10-22', '15:04:34', '547.3', '0.0', '13.6', '46.0', '0.0', '0.0', '0.0', '0.0', '0.0', 2, '2.0', 1, '5.0', '3.0', '2.0', '360.0', '240.0', '46.0', '14:55:11', '0.0', '2.0', '32.1', '514.9', '600.0', '-85.1', '3.0', '-1.0'),
(24, '2020-10-22', '15:04:34', '0', '0', '0', '0', '0', '0', '0', '0', '0', 7, '', 1, '', '', '', '', '', '0', '00:00:00', '', '', '', '', '', '', '', ''),
(25, '2020-10-22', '15:09:40', '56.0', '36.0', '2.2', '0.0', '0.0', '0.0', '0.0', '0.0', '0.0', 2, '2.0', 1, '6.0', '3.0', '3.0', '360.0', '360.0', '0.0', '15:08:04', '0.0', '3.0', '371.4', '58.2', '720.0', '-661.8', '1.0', '-1.0'),
(26, '2020-10-22', '15:29:21', '67.4', '0.0', '7.8', '0.0', '0.0', '0.0', '0.0', '0.0', '0.0', 1, '5.0', 1, '0.0', '0.0', '0.0', '0.0', '0.0', '0.0', '15:28:03', '0.0', '0.0', '0.0', '75.2', '0.0', '75.2', '3.0', '-1.0'),
(27, '2020-10-22', '15:29:22', '0', '0', '0', '0', '0', '0', '0', '0', '0', 7, '', 1, '', '', '', '', '', '0', '00:00:00', '', '', '', '', '', '', '', ''),
(28, '2020-10-22', '15:31:14', '77.3', '0.0', '23.5', '0.0', '0.0', '0.0', '0.0', '0.0', '0.0', 2, '5.0', 1, '6.0', '3.0', '3.0', '360.0', '360.0', '0.0', '15:29:31', '0.0', '3.0', '214.2', '100.8', '720.0', '-619.2', '3.0', '-1.0'),
(29, '2020-10-22', '15:31:56', '18.7', '0.0', '21.7', '0.0', '0.0', '0.0', '0.0', '0.0', '0.0', 1, '5.0', 1, '0.0', '0.0', '0.0', '0.0', '0.0', '0.0', '15:31:15', '0.0', '0.0', '0.0', '40.4', '0.0', '40.4', '3.0', '-1.0'),
(30, '2020-10-22', '15:33:25', '12.1', '0.0', '75.3', '0.0', '0.0', '0.0', '0.0', '0.0', '0.0', 2, '5.0', 1, '6.0', '3.0', '3.0', '360.0', '360.0', '0.0', '15:31:57', '0.0', '3.0', '247.0', '87.4', '720.0', '-632.6', '3.0', '-1.0'),
(31, '2020-10-22', '15:46:35', '678.2', '6.6', '100.1', '345.0', '0.0', '0.0', '0.0', '0.0', '0.0', 1, '5.0', 1, '0.0', '0.0', '0.0', '0.0', '0.0', '345.0', '15:33:26', '0.0', '0.0', '0.0', '433.3', '0.0', '433.3', '3.0', '-1.0'),
(32, '2020-10-22', '16:25:28', '1918.2', '53.1', '344.8', '1030.0', '0.0', '0.0', '0.0', '0.0', '0.0', 2, '5.0', 1, '9.0', '3.0', '6', '360.0', '720.0', '1030.0', '15:46:35', '0.0', '6.0', '14.3', '1233.0', '1080.0', '153.0', '1.0', '-1.0'),
(33, '2020-10-22', '16:58:54', '890.3', '0.0', '108.7', '326.0', '0.0', '0.0', '0.0', '0.0', '0.0', 1, '45.0', 1, '3.0', '1.0', '2.0', '90.0', '180.0', '326.0', '16:42:13', '0.0', '2.0', '10.8', '673.0', '270.0', '403.0', '3.0', '-1.0'),
(34, '2020-10-22', '17:16:48', '1054.7', '0.0', '16.6', '642.0', '0.0', '0.0', '0.0', '0.0', '0.0', 2, '5.0', 1, '3.0', '0.0', '3.0', '0.0', '360.0', '642.0', '16:58:55', '0.0', '3.0', '10.1', '429.3', '360.0', '69.3', '3.0', '-1.0'),
(35, '2020-10-22', '17:22:04', '304.6', '0.0', '9.2', '36.0', '0.0', '0.0', '0.0', '0.0', '0.0', 1, '5.0', 1, '0.0', '0.0', '0.0', '0.0', '0.0', '36.0', '17:16:48', '0.0', '0.0', '0.0', '277.8', '0.0', '277.8', '3.0', '-1.0'),
(36, '2020-10-22', '17:27:29', '306.9', '0.0', '16.2', '106.0', '0.0', '0.0', '0.0', '0.0', '0.0', 2, '5.0', 1, '3.0', '0.0', '3.0', '0.0', '360.0', '106.0', '17:22:04', '0.0', '3.0', '33.4', '217.2', '360.0', '-142.8', '3.0', '-1.0'),
(37, '2020-10-22', '17:30:23', '83.6', '0.0', '87.5', '0.0', '0.0', '0.0', '0.0', '0.0', '0.0', 1, '5.0', 1, '4.0', '1.0', '3', '90.0', '270.0', '0.0', '17:27:30', '0.0', '3.0', '84.1', '171.1', '360.0', '-188.9', '3.0', '-1.0'),
(38, '2020-10-22', '17:32:27', '83.6', '0.0', '37.5', '0.0', '0.0', '0.0', '0.0', '0.0', '0.0', 2, '5.0', 1, '3.0', '0.0', '3.0', '0.0', '360.0', '0.0', '17:30:24', '0.0', '3.0', '89.2', '121.1', '360.0', '-238.9', '3.0', '-1.0'),
(39, '2020-10-22', '17:37:05', '83.6', '0.0', '37.5', '0.0', '0.0', '0.0', '0.0', '0.0', '0.0', 7, '0.0', 1, '0.0', '0.0', '0.0', '0.0', '0.0', '0.0', '17:32:27', '0.0', '0.0', '0.0', '121.1', '0.0', '121.1', '3.0', '-1.0'),
(40, '2020-10-22', '17:43:27', '191.6', '0.0', '14.7', '0.0', '0.0', '0.0', '0.0', '0.0', '0.0', 3, '5.0', 1, '3.0', '0.0', '3.0', '0.0', '360.0', '0.0', '17:39:59', '0.0', '3.0', '52.4', '206.2', '360.0', '-153.8', '3.0', '-1.0'),
(41, '2020-10-22', '17:45:54', '0.0', '0.0', '146.4', '0.0', '0.0', '0.0', '0.0', '0.0', '0.0', 4, '5.0', 1, '0.0', '0.0', '0.0', '0.0', '0.0', '0.0', '17:43:27', '0.0', '0.0', '0.0', '146.4', '0.0', '146.4', '3.0', '-1.0'),
(42, '2020-10-22', '17:47:57', '110.1', '0.0', '11.2', '0.0', '0.0', '0.0', '0.0', '0.0', '0.0', 4, '5.0', 1, '1.0', '0.0', '1', '0.0', '120.0', '0.0', '17:45:54', '0.0', '1.0', '29.7', '121.2', '120.0', '1.2', '3.0', '-1.0'),
(43, '2020-10-22', '17:50:36', '128.7', '0.0', '28.3', '0.0', '0.0', '0.0', '0.0', '0.0', '0.0', 1, '5.0', 1, '6.0', '1.0', '5.0', '90.0', '450.0', '0.0', '17:47:57', '0.0', '5.0', '137.5', '157.1', '540.0', '-382.9', '3.0', '-1.0'),
(44, '2020-10-22', '17:50:37', '0', '0', '0', '0', '0', '0', '0', '0', '0', 7, '', 1, '', '', '', '', '', '0', '00:00:00', '', '', '', '', '', '', '', ''),
(45, '2020-10-23', '17:03:56', '13763.8', '15838.4', '444.5', '122.0', '0.0', '0.0', '0.0', '0.0', '0.0', 2, '300.0', 1, '0.0', '-24.0', '24.0', '-2880.0', '2880.0', '122.0', '08:42:58', '0.0', '24.0', '0.0', '14086.3', '0.0', '14086.3', '3.0', '-1.0'),
(46, '2020-10-23', '17:03:57', '0', '0', '0', '0', '0', '0', '0', '0', '0', 7, '', 1, '', '', '', '', '', '0', '00:00:00', '', '', '', '', '', '', '', ''),
(47, '2020-10-23', '17:04:06', '0', '0', '0', '0', '0', '0', '0', '0', '0', 7, '', 1, '', '', '', '', '', '0', '00:00:00', '', '', '', '', '', '', '', ''),
(48, '2020-10-26', '13:35:48', '10055.1', '7708.3', '606.5', '0.0', '48.0', '0.0', '0.0', '0.0', '0.0', 2, '135.0', 1, '140.0', '135.0', '5.0', '16200.0', '600.0', '48.0', '08:29:22', '0.0', '5.0', '47.3', '10613.6', '16800.0', '-6186.4', '3.0', '-1.0'),
(49, '2020-10-26', '13:35:48', '0', '0', '0', '0', '0', '0', '0', '0', '0', 7, '', 1, '', '', '', '', '', '0', '00:00:00', '', '', '', '', '', '', '', ''),
(50, '2020-10-30', '14:55:17', '0.0', '19.8', '14988.0', '0.0', '1018.0', '0.0', '0.0', '0.0', '0.0', 4, '29.0', 1, '0.0', '0.0', '0.0', '0.0', '0.0', '1018.0', '10:45:08', '0.0', '0.0', '0.0', '13970.0', '0.0', '13970.0', '1.0', '-1.0'),
(51, '2020-11-03', '17:45:49', '7735.0', '12172.8', '8.1', '2122.0', '0.0', '0.0', '0.0', '0.0', '0.0', 2, '150.0', 1, '0.0', '0.0', '0.0', '0.0', '0.0', '2122.0', '12:13:47', '0.0', '0.0', '0.0', '5621.1', '0.0', '5621.1', '1.0', '-1.0'),
(52, '2020-11-04', '11:17:34', '6598.0', '3960.6', '447.5', '370.0', '0.0', '0.0', '0.0', '0.0', '0.0', 2, '80.0', 1, '83.0', '83.0', '0.0', '9960.0', '0.0', '370.0', '08:14:03', '0.0', '0.0', '42.4', '6675.6', '9960.0', '-3284.4', '3.0', '-1.0'),
(53, '2020-11-05', '08:26:09', '0.0', '75530.6', '582.0', '0.0', '7.0', '0.0', '0.0', '0.0', '0.0', 4, '80.0', 3, '0.0', '0.0', '0.0', '0.0', '0.0', '7.0', '11:17:34', '0.0', '0.0', '0.0', '575.0', '0.0', '575.0', '1.0', '-1.0'),
(54, '2020-11-05', '16:25:45', '19890.2', '5861.6', '882.9', '1465.0', '281.0', '0.0', '0.0', '0.0', '0.0', 1, '240.0', 1, '242.0', '225.0', '17.0', '20250.0', '1530.0', '1746.0', '09:01:31', '0.0', '17.0', '41.9', '19027.2', '21780.0', '-2752.8', '3.0', '-1.0'),
(55, '2020-11-05', '18:02:13', '19890.2', '5861.6', '882.9', '1465.0', '283.0', '0.0', '0.0', '0.0', '0.0', 7, '0.0', 1, '0.0', '-17.0', '17.0', '0.0', '0.0', '1748.0', '16:25:45', '0.0', '17.0', '0.0', '19025.2', '0.0', '19025.2', '1.0', '4.0'),
(56, '2020-11-12', '16:00:53', '14743.5', '4619.4', '610.2', '835.0', '37.0', '0.0', '0.0', '0.0', '0.0', 2, '160.0', 1, '186.0', '186.0', '0.0', '22320.0', '0.0', '872.0', '10:27:50', '0.0', '0.0', '43.6', '14481.7', '22320.0', '-7838.3', '2.0', '-1.0'),
(57, '2020-11-12', '16:20:11', '0', '0', '0', '0', '0', '0', '0', '0', '0', 7, '', 1, '', '', '', '', '', '0', '00:00:00', '', '', '', '', '', '', '', ''),
(58, '2020-11-12', '16:28:56', '0', '0', '0', '0', '0', '0', '0', '0', '0', 7, '', 1, '', '', '', '', '', '0', '00:00:00', '', '', '', '', '', '', '', ''),
(59, '2020-11-12', '16:31:13', '0', '0', '0', '0', '0', '0', '0', '0', '0', 7, '', 1, '', '', '', '', '', '0', '00:00:00', '', '', '', '', '', '', '', ''),
(60, '2020-11-12', '17:48:05', '0', '0', '0', '0', '0', '0', '0', '0', '0', 7, '', 1, '', '', '', '', '', '0', '00:00:00', '', '', '', '', '', '', '', ''),
(61, '2020-11-13', '17:49:29', '28611.9', '5172.4', '31.2', '60.0', '0.0', '0.0', '0.0', '0.0', '0.0', 1, '420.0', 1, '419.0', '419.0', '0', '37710.0', '0.0', '60.0', '08:25:32', '0.0', '0.0', '52.7', '28583.1', '37710.0', '-9126.9', '3.0', '-1.0'),
(62, '2020-11-13', '17:49:29', '0', '0', '0', '0', '0', '0', '0', '0', '0', 7, '', 1, '', '', '', '', '', '0', '00:00:00', '', '', '', '', '', '', '', ''),
(63, '2020-11-13', '17:49:50', '0', '0', '0', '0', '0', '0', '0', '0', '0', 7, '', 1, '', '', '', '', '', '0', '00:00:00', '', '', '', '', '', '', '', ''),
(64, '2020-11-16', '17:13:21', '28880.2', '3292.3', '11.3', '950.0', '0.0', '0.0', '0.0', '0.0', '0.0', 1, '420.0', 1, '420.0', '387.0', '33.0', '34830.0', '2970.0', '950.0', '08:16:50', '0.0', '33.0', '52.3', '27941.5', '37800.0', '-9858.5', '3.0', '-1.0'),
(65, '2020-11-16', '17:13:22', '0', '0', '0', '0', '0', '0', '0', '0', '0', 7, '', 1, '', '', '', '', '', '0', '00:00:00', '', '', '', '', '', '', '', ''),
(69, '2020-11-18', '16:00:50', '24010.2', '4079.3', '15.3', '57.0', '0.0', '0.0', '0.0', '180.0', '0.0', 1, '411.0', 1, '397.0', '397.0', '0.0', '35730.0', '0.0', '237.0', '08:12:18', '0.0', '0.0', '59.5', '23788.5', '35730.0', '-11941.5', '3.0', '-1.0'),
(70, '2020-11-18', '16:00:50', '0', '0', '0', '0', '0', '0', '0', '0', '0', 7, '', 1, '', '', '', '', '', '0', '00:00:00', '', '', '', '', '', '', '', ''),
(71, '2020-11-18', '16:11:36', '24010.2', '4079.3', '15.3', '57.0', '1.0', '0.0', '0.0', '180.0', '0.0', 7, '0.0', 1, '0.0', '0.0', '0.0', '0.0', '0.0', '238.0', '16:00:59', '0.0', '0.0', '0.0', '23787.5', '0.0', '23787.5', '1.0', '-1.0'),
(73, '2020-11-25', '12:34:20', '10518.6', '4511.0', '10.0', '2.0', '0.0', '0.0', '0.0', '0.0', '0.0', 1, '176.0', 1, '176.0', '171.0', '5', '15390.0', '450.0', '2.0', '08:23:29', '0.0', '5.0', '60.2', '10526.6', '15840.0', '-5313.4', '3.0', '-1.0'),
(74, '2020-11-25', '12:44:46', '10518.6', '4511.0', '10.0', '2.0', '0.0', '0.0', '0.0', '0.0', '0.0', 7, '0.0', 1, '0.0', '-5.0', '5.0', '0.0', '0.0', '2.0', '12:34:21', '0.0', '5.0', '0.0', '10526.6', '0.0', '10526.6', '1.0', '-1.0'),
(75, '2020-11-26', '09:17:49', '1.1', '1475.1', '30.0', '0.0', '0.0', '0.0', '0.0', '0.0', '0.0', 1, '210.0', 1, '0.0', '0.0', '0', '0.0', '0.0', '0.0', '08:52:42', '0.0', '0.0', '0.0', '31.2', '0.0', '31.2', '1.0', '-1.0'),
(76, '2020-11-26', '09:26:35', '0', '0', '0', '0', '0', '0', '0', '0', '0', 7, '', 1, '', '', '', '', '', '0', '00:00:00', '', '', '', '', '', '', '', ''),
(77, '2020-11-26', '14:44:19', '15634.7', '3077.7', '333.9', '5.0', '0.0', '0.0', '0.0', '0.0', '0.0', 1, '210.0', 1, '0.0', '-9.0', '9', '-810.0', '810.0', '5.0', '09:26:43', '0.0', '9.0', '0.0', '15963.6', '0.0', '15963.6', '3.0', '-1.0'),
(78, '2020-11-26', '14:44:26', '15634.7', '3077.7', '333.9', '5.0', '0.0', '0.0', '0.0', '0.0', '0.0', 7, '0.0', 1, '0.0', '-9.0', '9.0', '0.0', '0.0', '5.0', '14:44:19', '0.0', '9.0', '0.0', '15963.6', '0.0', '15963.6', '1.0', '-1.0'),
(79, '2020-12-04', '11:32:45', '5275.9', '4309.8', '25.1', '87.0', '0.0', '0.0', '0.0', '0.0', '0.0', 2, '115.0', 1, '69.0', '69.0', '0.0', '8280.0', '0.0', '87.0', '08:52:22', '0.0', '0.0', '46.9', '5214.1', '8280.0', '-3065.9', '3.0', '-1.0'),
(80, '2020-12-04', '11:51:56', '5275.9', '4309.8', '25.1', '87.0', '2.0', '0.0', '0.0', '0.0', '0.0', 7, '0.0', 1, '0.0', '0.0', '0.0', '0.0', '0.0', '89.0', '11:32:45', '0.0', '0.0', '0.0', '5212.1', '0.0', '5212.1', '1.0', '4.0');

-- --------------------------------------------------------

--
-- Table structure for table `rework_report`
--

CREATE TABLE `rework_report` (
  `id` int(11) NOT NULL,
  `date` date NOT NULL,
  `part_no_id` int(7) NOT NULL,
  `shift_id` int(7) NOT NULL,
  `time` time NOT NULL,
  `pcb_program` varchar(50) NOT NULL,
  `lens_inspection` varchar(50) NOT NULL,
  `active_alignment` varchar(50) NOT NULL,
  `program_center` varchar(50) NOT NULL,
  `laser_welding` varchar(50) NOT NULL,
  `assy_pcb` varchar(50) NOT NULL,
  `glue` varchar(50) NOT NULL,
  `manual_focus` varchar(50) NOT NULL,
  `assy` varchar(50) NOT NULL,
  `air_leak_tester` varchar(50) NOT NULL,
  `initialize` varchar(50) NOT NULL,
  `current` varchar(50) NOT NULL,
  `center_point` varchar(50) NOT NULL,
  `rotate` varchar(50) NOT NULL,
  `color` varchar(50) NOT NULL,
  `reverse` varchar(50) NOT NULL,
  `eiaj` varchar(50) NOT NULL,
  `angle` varchar(50) NOT NULL,
  `stain` varchar(50) NOT NULL,
  `particle` varchar(50) NOT NULL,
  `defect_pixel` varchar(50) NOT NULL,
  `brightness` varchar(50) NOT NULL,
  `ir_filter` varchar(50) NOT NULL,
  `finalize` varchar(50) NOT NULL
) ENGINE=InnoDB DEFAULT CHARSET=utf8mb4;

-- --------------------------------------------------------

--
-- Table structure for table `scrap_report`
--

CREATE TABLE `scrap_report` (
  `id` int(11) NOT NULL,
  `date` date NOT NULL,
  `part_no_id` int(7) NOT NULL,
  `shift_id` int(7) NOT NULL,
  `time` time NOT NULL,
  `pcb_program` varchar(15) NOT NULL,
  `lens_inspection` varchar(15) NOT NULL,
  `active_alignment` varchar(15) NOT NULL,
  `program_center` varchar(15) NOT NULL,
  `laser_welding` varchar(15) NOT NULL,
  `assy_pcb` varchar(15) NOT NULL,
  `glue` varchar(15) NOT NULL,
  `manual_focus` varchar(15) NOT NULL,
  `assy` varchar(15) NOT NULL,
  `air_leak_tester` varchar(15) NOT NULL,
  `initialize` varchar(15) NOT NULL,
  `current` varchar(15) NOT NULL,
  `center_point` varchar(15) NOT NULL,
  `rotate` varchar(15) NOT NULL,
  `color` varchar(15) NOT NULL,
  `reverse` varchar(15) NOT NULL,
  `eiaj` varchar(15) NOT NULL,
  `angle` varchar(15) NOT NULL,
  `stain` varchar(15) NOT NULL,
  `particle` varchar(15) NOT NULL,
  `defect_pixel` varchar(15) NOT NULL,
  `brightness` varchar(15) NOT NULL,
  `ir_filter` varchar(15) NOT NULL,
  `finalize` varchar(15) NOT NULL,
  `result` varchar(15) NOT NULL
) ENGINE=InnoDB DEFAULT CHARSET=utf8mb4;

--
-- Dumping data for table `scrap_report`
--

INSERT INTO `scrap_report` (`id`, `date`, `part_no_id`, `shift_id`, `time`, `pcb_program`, `lens_inspection`, `active_alignment`, `program_center`, `laser_welding`, `assy_pcb`, `glue`, `manual_focus`, `assy`, `air_leak_tester`, `initialize`, `current`, `center_point`, `rotate`, `color`, `reverse`, `eiaj`, `angle`, `stain`, `particle`, `defect_pixel`, `brightness`, `ir_filter`, `finalize`, `result`) VALUES
(1, '2020-09-25', 1, 1, '23:56:31', '0', '0', '0', '0', '0', '0', '0', '0', '0', '7', '0', '0', '0', '0', '0', '0', '3', '0', '1', '0', '1', '0', '0', '0', '5'),
(2, '2020-09-30', 1, 2, '17:17:57', '0', '1', '0', '0', '0', '0', '0', '0', '0', '2', '0', '0', '0', '0', '0', '0', '0', '0', '0', '0', '0', '0', '0', '0', '0'),
(3, '2020-10-19', 1, 1, '11:03:42', '0', '0', '0', '0', '0', '0', '0', '0', '0', '2', '0', '0', '0', '0', '0', '0', '0', '0', '0', '0', '0', '0', '0', '0', '0'),
(4, '2020-10-19', 1, 1, '12:41:30', '0', '0', '0', '0', '0', '0', '0', '0', '0', '0', '0', '0', '0', '0', '0', '0', '0', '0', '1', '0', '1', '0', '0', '0', '2'),
(5, '2020-10-19', 1, 1, '12:42:15', '0', '0', '0', '0', '0', '0', '0', '0', '0', '0', '0', '0', '0', '0', '0', '0', '0', '0', '1', '0', '1', '0', '0', '0', '2'),
(6, '2020-10-19', 1, 1, '17:07:16', '0', '0', '0', '0', '0', '0', '0', '0', '0', '0', '0', '0', '0', '0', '0', '0', '1', '0', '4', '0', '4', '0', '0', '0', '7'),
(7, '2020-10-19', 2, 1, '17:15:43', '0', '0', '0', '0', '0', '0', '0', '0', '0', '0', '0', '0', '0', '0', '0', '0', '1', '0', '4', '0', '4', '0', '0', '0', '7'),
(8, '2020-10-19', 2, 1, '18:31:36', '0', '0', '0', '0', '0', '0', '0', '0', '0', '0', '0', '0', '0', '0', '2', '0', '1', '0', '0', '0', '0', '0', '0', '0', '4'),
(9, '2020-10-19', 2, 1, '18:51:49', '0', '0', '0', '0', '0', '0', '0', '0', '0', '0', '0', '0', '0', '0', '2', '0', '1', '0', '0', '0', '0', '0', '0', '0', '4'),
(10, '2020-10-19', 2, 1, '18:53:25', '0', '0', '0', '0', '0', '0', '0', '0', '0', '0', '0', '0', '0', '0', '2', '0', '1', '0', '0', '0', '0', '0', '0', '0', '4'),
(11, '2020-10-19', 2, 1, '18:54:13', '0', '0', '0', '0', '0', '0', '0', '0', '0', '0', '0', '0', '0', '0', '2', '0', '1', '0', '0', '0', '0', '0', '0', '0', '4'),
(12, '2020-10-19', 2, 1, '19:05:47', '0', '0', '0', '0', '0', '0', '0', '0', '0', '0', '0', '0', '0', '0', '2', '0', '1', '0', '0', '0', '0', '0', '0', '0', '4'),
(13, '2020-10-19', 1, 1, '19:07:36', '0', '0', '0', '0', '0', '0', '0', '0', '0', '0', '0', '0', '0', '0', '2', '0', '1', '0', '0', '0', '0', '0', '0', '0', '4'),
(14, '2020-10-22', 1, 1, '12:35:46', '0', '0', '0', '0', '0', '0', '0', '0', '0', '0', '0', '0', '0', '0', '0', '0', '0', '0', '0', '0', '0', '0', '0', '0', '0'),
(15, '2020-10-22', 1, 1, '12:38:34', '0', '0', '0', '0', '0', '0', '0', '0', '0', '0', '0', '0', '0', '0', '0', '0', '0', '0', '0', '0', '0', '0', '0', '0', '0'),
(16, '2020-10-22', 1, 1, '14:51:15', '0', '0', '0', '0', '0', '0', '0', '0', '0', '0', '0', '0', '0', '0', '0', '0', '0', '0', '1', '0', '1', '0', '0', '0', '1'),
(17, '2020-10-22', 2, 1, '14:54:41', '0', '0', '0', '0', '0', '0', '0', '0', '0', '0', '0', '0', '0', '0', '0', '0', '0', '0', '0', '0', '0', '0', '0', '0', '0'),
(18, '2020-10-22', 2, 1, '14:55:10', '0', '0', '0', '0', '0', '0', '0', '0', '0', '0', '0', '0', '0', '0', '0', '0', '0', '0', '0', '0', '0', '0', '0', '0', '0'),
(19, '2020-10-22', 2, 1, '15:04:32', '0', '0', '0', '0', '0', '0', '0', '0', '0', '0', '0', '0', '0', '0', '0', '0', '0', '0', '2', '0', '2', '0', '0', '0', '2'),
(20, '2020-10-22', 2, 1, '15:09:39', '0', '0', '0', '0', '0', '0', '0', '0', '0', '0', '0', '0', '0', '0', '0', '0', '0', '0', '3', '0', '3', '0', '0', '0', '3'),
(21, '2020-10-22', 1, 1, '15:29:20', '0', '0', '0', '0', '0', '0', '0', '0', '0', '4', '0', '0', '0', '0', '0', '0', '0', '0', '0', '0', '0', '0', '0', '0', '0'),
(22, '2020-10-22', 2, 1, '15:31:14', '0', '0', '0', '0', '0', '0', '0', '0', '0', '0', '0', '0', '0', '0', '0', '0', '0', '0', '3', '0', '3', '0', '0', '0', '3'),
(23, '2020-10-22', 1, 1, '15:31:55', '0', '0', '0', '0', '0', '0', '0', '0', '0', '0', '0', '0', '0', '0', '0', '0', '0', '0', '0', '0', '0', '0', '0', '0', '0'),
(24, '2020-10-22', 2, 1, '15:33:25', '0', '0', '0', '0', '0', '0', '0', '0', '0', '0', '0', '0', '0', '0', '0', '0', '0', '0', '3', '0', '3', '0', '0', '0', '3'),
(25, '2020-10-22', 1, 1, '15:46:34', '0', '0', '0', '0', '0', '0', '0', '0', '0', '4', '0', '0', '0', '0', '0', '0', '0', '0', '0', '0', '0', '0', '0', '0', '0'),
(26, '2020-10-22', 2, 1, '16:25:28', '0', '0', '0', '0', '0', '0', '0', '0', '0', '0', '0', '0', '0', '0', '0', '0', '0', '0', '6', '0', '6', '0', '0', '0', '6'),
(27, '2020-10-22', 1, 1, '16:58:55', '0', '0', '0', '0', '0', '0', '0', '0', '0', '0', '0', '0', '0', '0', '0', '0', '0', '0', '2', '0', '2', '0', '0', '0', '2'),
(28, '2020-10-22', 2, 1, '17:16:47', '0', '0', '0', '0', '0', '0', '0', '0', '0', '0', '0', '0', '0', '0', '0', '0', '0', '0', '3', '0', '3', '0', '0', '0', '3'),
(29, '2020-10-22', 1, 1, '17:22:03', '0', '0', '0', '0', '0', '0', '0', '0', '0', '0', '0', '0', '0', '0', '0', '0', '0', '0', '0', '0', '0', '0', '0', '0', '0'),
(30, '2020-10-22', 2, 1, '17:27:28', '0', '0', '0', '0', '0', '0', '0', '0', '0', '0', '0', '0', '0', '0', '0', '0', '0', '0', '3', '0', '3', '0', '0', '0', '3'),
(31, '2020-10-22', 1, 1, '17:30:23', '0', '0', '0', '0', '0', '0', '0', '0', '0', '0', '0', '0', '0', '0', '0', '0', '0', '0', '3', '0', '3', '0', '0', '0', '3'),
(32, '2020-10-22', 2, 1, '17:32:27', '0', '0', '0', '0', '0', '0', '0', '0', '0', '0', '0', '0', '0', '0', '0', '0', '0', '0', '3', '0', '3', '0', '0', '0', '3'),
(33, '2020-10-22', 3, 1, '17:43:26', '0', '0', '0', '0', '0', '0', '0', '0', '0', '0', '0', '0', '3', '0', '0', '0', '0', '0', '3', '0', '3', '0', '0', '0', '3'),
(34, '2020-10-22', 4, 1, '17:45:53', '0', '0', '0', '0', '0', '0', '0', '0', '0', '0', '0', '0', '0', '0', '0', '0', '0', '0', '0', '0', '0', '0', '0', '0', '0'),
(35, '2020-10-22', 4, 1, '17:47:57', '0', '0', '0', '0', '0', '0', '0', '0', '0', '0', '0', '0', '1', '0', '0', '0', '0', '0', '1', '0', '1', '0', '0', '0', '1'),
(36, '2020-10-22', 1, 1, '17:50:36', '0', '0', '0', '0', '0', '0', '0', '0', '0', '0', '0', '0', '0', '0', '0', '0', '0', '0', '5', '0', '5', '0', '0', '0', '5'),
(37, '2020-10-23', 2, 1, '17:00:51', '0', '0', '0', '0', '0', '5', '1', '0', '0', '0', '0', '0', '0', '0', '7', '0', '13', '0', '3', '0', '3', '0', '0', '0', '24'),
(38, '2020-10-26', 2, 1, '13:35:47', '1', '0', '0', '0', '0', '9', '1', '0', '0', '1', '0', '0', '0', '0', '0', '0', '3', '0', '2', '0', '2', '0', '0', '0', '5'),
(39, '2020-10-30', 4, 1, '14:55:16', '0', '0', '0', '0', '0', '0', '0', '0', '0', '0', '0', '0', '0', '0', '0', '0', '0', '0', '0', '0', '0', '0', '0', '0', '0'),
(40, '2020-11-03', 2, 1, '17:40:07', '1', '4', '0', '0', '0', '0', '0', '0', '0', '3', '0', '0', '0', '0', '0', '0', '0', '0', '0', '0', '0', '0', '0', '0', '0'),
(41, '2020-11-04', 2, 1, '11:17:31', '0', '3', '0', '0', '0', '0', '0', '0', '0', '0', '0', '0', '0', '0', '0', '0', '0', '0', '0', '0', '0', '0', '0', '0', '0'),
(42, '2020-11-04', 4, 3, '17:42:12', '0', '1', '0', '0', '0', '1', '4', '0', '0', '7', '0', '0', '0', '0', '0', '0', '0', '0', '0', '0', '0', '0', '0', '0', '0'),
(43, '2020-11-05', 1, 1, '16:25:44', '0', '0', '0', '0', '0', '1', '0', '0', '0', '12', '0', '0', '5', '0', '2', '0', '5', '0', '4', '0', '4', '0', '0', '0', '17'),
(44, '2020-11-12', 2, 1, '16:00:53', '0', '3', '0', '2', '0', '0', '0', '0', '0', '14', '0', '0', '0', '0', '0', '0', '0', '0', '0', '0', '0', '0', '0', '0', '0'),
(45, '2020-11-13', 1, 1, '17:49:29', '0', '0', '0', '3', '0', '0', '0', '0', '0', '0', '0', '0', '0', '0', '0', '0', '0', '0', '0', '0', '0', '0', '0', '0', '0'),
(46, '2020-11-16', 1, 1, '17:13:20', '0', '0', '0', '0', '0', '0', '1', '0', '0', '16', '0', '0', '1', '0', '0', '0', '11', '0', '14', '0', '14', '0', '0', '0', '33'),
(49, '2020-11-18', 1, 1, '16:00:49', '0', '0', '0', '0', '0', '0', '0', '0', '0', '21', '0', '0', '0', '0', '0', '0', '0', '0', '0', '0', '0', '0', '0', '0', '0'),
(51, '2020-11-25', 1, 1, '12:34:20', '0', '0', '0', '0', '0', '0', '0', '0', '0', '12', '0', '0', '0', '0', '0', '0', '1', '0', '3', '0', '3', '0', '0', '0', '5'),
(52, '2020-11-26', 1, 1, '09:17:49', '0', '0', '0', '0', '0', '0', '1', '0', '0', '1', '0', '0', '0', '0', '0', '0', '0', '0', '0', '0', '0', '0', '0', '0', '0'),
(53, '2020-11-26', 1, 1, '14:44:19', '0', '0', '0', '0', '0', '0', '0', '0', '0', '24', '0', '0', '0', '0', '0', '0', '5', '0', '4', '0', '4', '0', '0', '0', '9'),
(54, '2020-12-04', 2, 1, '11:32:43', '0', '0', '0', '0', '0', '0', '0', '0', '0', '1', '0', '0', '0', '0', '0', '0', '0', '0', '0', '0', '0', '0', '0', '0', '0');

-- --------------------------------------------------------

--
-- Table structure for table `type_defect`
--

CREATE TABLE `type_defect` (
  `id` int(11) NOT NULL,
  `defect_type` varchar(255) DEFAULT NULL
) ENGINE=InnoDB DEFAULT CHARSET=utf8mb4;

--
-- Dumping data for table `type_defect`
--

INSERT INTO `type_defect` (`id`, `defect_type`) VALUES
(1, 'PCB Program'),
(2, 'Lens Inspection'),
(3, 'Active Alignment'),
(4, 'Program Center'),
(5, 'Laser Welding'),
(6, 'Assy PCB'),
(7, 'Glue'),
(8, 'Manual Focus'),
(9, 'Assy'),
(10, 'Air Leak Tester'),
(11, 'Initialize'),
(12, 'Current'),
(13, 'Center Point'),
(14, 'Rotate'),
(15, 'Color'),
(16, 'Reverse'),
(17, 'EIAJ'),
(18, 'Angle'),
(19, 'Stain'),
(20, 'Particle'),
(21, 'Defect Pixel'),
(22, 'Brightness'),
(23, 'IR Filter'),
(24, 'Finalize');

-- --------------------------------------------------------

--
-- Table structure for table `type_department`
--

CREATE TABLE `type_department` (
  `id` int(7) NOT NULL,
  `department_name` varchar(100) NOT NULL
) ENGINE=InnoDB DEFAULT CHARSET=utf8mb4;

--
-- Dumping data for table `type_department`
--

INSERT INTO `type_department` (`id`, `department_name`) VALUES
(1, 'QA'),
(2, 'Engineering'),
(3, 'Production'),
(4, 'Tool Change'),
(5, 'PE'),
(6, 'PPC');

-- --------------------------------------------------------

--
-- Table structure for table `type_dies_change_downtime`
--

CREATE TABLE `type_dies_change_downtime` (
  `id` int(11) NOT NULL,
  `dies_change_downtime` varchar(100) DEFAULT NULL,
  `department_id` int(15) DEFAULT NULL
) ENGINE=InnoDB DEFAULT CHARSET=utf8mb4;

--
-- Dumping data for table `type_dies_change_downtime`
--

INSERT INTO `type_dies_change_downtime` (`id`, `dies_change_downtime`, `department_id`) VALUES
(1, 'Bolt and nut not enough', 4),
(2, 'Spanner not enough', 4),
(3, 'Moving bolster problem', 4),
(4, 'Unskill manpower', 4),
(5, 'None', 4),
(6, 'Not report', 4);

-- --------------------------------------------------------

--
-- Table structure for table `type_die_downtime`
--

CREATE TABLE `type_die_downtime` (
  `id` int(11) NOT NULL,
  `die_downtime` varchar(100) DEFAULT NULL,
  `department_id` int(7) DEFAULT NULL
) ENGINE=InnoDB DEFAULT CHARSET=utf8mb4;

--
-- Dumping data for table `type_die_downtime`
--

INSERT INTO `type_die_downtime` (`id`, `die_downtime`, `department_id`) VALUES
(1, 'Freezer compressor burnt', 2),
(2, 'P1 Cannot program', 2),
(3, 'P1 High Current', 2),
(4, 'P2 Inspection Jig cant be turned ON', 2),
(5, 'P6 Air leak tester_air leakage', 2),
(6, 'P7 Final tester_machine no power', 2),
(7, 'Air pressure drop due leak', 2),
(8, 'Torque driver NG_cable cut', 2),
(9, 'Switch Button malfunction', 2),
(10, 'Indicator LED burned', 2),
(11, 'Barcode reader malfunction', 2),
(12, 'Cooling fan problem', 2),
(13, 'Fuse burned', 2),
(14, 'Nut screw loose', 2),
(15, 'Lamp burned', 2),
(16, 'Mother board problem_P1', 2),
(17, 'Mother board problem_P2', 2),
(18, 'Mother board problem_P4', 2),
(19, 'Mother board problem_P7', 2),
(20, 'Not Engineering/IT faulty', 2),
(21, 'Not report', 2);

-- --------------------------------------------------------

--
-- Table structure for table `type_machine_downtime`
--

CREATE TABLE `type_machine_downtime` (
  `id` int(11) NOT NULL,
  `machine_downtime_cause` varchar(255) DEFAULT NULL,
  `department_id` int(7) DEFAULT NULL
) ENGINE=InnoDB DEFAULT CHARSET=utf8mb4;

--
-- Dumping data for table `type_machine_downtime`
--

INSERT INTO `type_machine_downtime` (`id`, `machine_downtime_cause`, `department_id`) VALUES
(1, 'Buy off part', 1),
(2, 'Part Quality issue_LENS', 1),
(3, 'Part Quality issue_PCBA', 1),
(4, 'Part Quality issue_Holder', 1),
(5, 'Part Quality issue_Harness Assy', 1),
(6, 'Part Quality issue_Front Case', 1),
(7, 'Not QA faulty', 1),
(8, 'Not report', 1);

-- --------------------------------------------------------

--
-- Table structure for table `type_material_downtime`
--

CREATE TABLE `type_material_downtime` (
  `id` int(11) NOT NULL,
  `material_downtime` varchar(100) DEFAULT NULL,
  `department_id` int(7) DEFAULT NULL
) ENGINE=InnoDB DEFAULT CHARSET=utf8mb4;

--
-- Dumping data for table `type_material_downtime`
--

INSERT INTO `type_material_downtime` (`id`, `material_downtime`, `department_id`) VALUES
(1, 'Assy jig from maker malfunction', 5),
(2, 'Not PE faulty', 5),
(3, 'Not report', 5);

-- --------------------------------------------------------

--
-- Table structure for table `type_part_list`
--

CREATE TABLE `type_part_list` (
  `id` int(11) NOT NULL,
  `part_no` varchar(255) DEFAULT NULL,
  `part_name` varchar(255) DEFAULT NULL,
  `model` varchar(255) DEFAULT NULL,
  `process` varchar(255) DEFAULT NULL,
  `line` varchar(255) DEFAULT NULL,
  `cycle_time_sec` int(11) DEFAULT NULL,
  `target_gsph` varchar(25) NOT NULL
) ENGINE=InnoDB DEFAULT CHARSET=utf8mb4;

--
-- Dumping data for table `type_part_list`
--

INSERT INTO `type_part_list` (`id`, `part_no`, `part_name`, `model`, `process`, `line`, `cycle_time_sec`, `target_gsph`) VALUES
(1, '1CM3081-0012UN-A', 'CP1H Camera Assy', 'CP1H_C0_V1.00', '1-8', 'ADAS', 90, '40'),
(2, '1CM0131-0091UN', 'CP1P Camera Assy', 'CP1P_V1', '1-8', 'ADAS', 120, '30'),
(3, '1CM2231-0001UN', 'CP4X Camera Assy', 'CP4X', '1-8', 'ADAS', 120, '30'),
(4, '1CM1171-0056UN', 'D55L Camera Assy', 'CP4Pe', '1-8', 'ADAS', 120, '30'),
(7, 'End Shift', 'Change shift, weekend , offday', 'None', 'None', 'ADAS', 0, '0');

-- --------------------------------------------------------

--
-- Table structure for table `type_pattern`
--

CREATE TABLE `type_pattern` (
  `id` int(11) NOT NULL,
  `pattern_name` varchar(255) NOT NULL
) ENGINE=InnoDB DEFAULT CHARSET=utf8mb4;

--
-- Dumping data for table `type_pattern`
--

INSERT INTO `type_pattern` (`id`, `pattern_name`) VALUES
(1, 'A'),
(2, 'B'),
(3, 'C'),
(4, 'NONE');

-- --------------------------------------------------------

--
-- Table structure for table `type_production_downtime`
--

CREATE TABLE `type_production_downtime` (
  `id` int(11) NOT NULL,
  `production_downtime` varchar(255) DEFAULT NULL,
  `department_id` int(7) DEFAULT NULL
) ENGINE=InnoDB DEFAULT CHARSET=utf8mb4;

--
-- Dumping data for table `type_production_downtime`
--

INSERT INTO `type_production_downtime` (`id`, `production_downtime`, `department_id`) VALUES
(1, 'manpower_shortage', 3),
(2, 'manpower_transfer line', 3),
(3, 'PPE shortage_fingercoat', 3),
(4, 'PPE shortage_glove', 3),
(5, 'PPE shortage_mask', 3),
(6, 'PPE shortage_wristwrap', 3),
(7, 'Sub material shortage_IPA', 3),
(8, 'Sub material shortage_cotton bud', 3),
(9, 'Sub material shortage_glue', 3),
(10, 'Sub material shortage_cloth', 3),
(11, 'Sub material shortage_metal tray', 3),
(12, 'Barcode printing NG', 3),
(13, 'Equipment NG_button switch', 3),
(14, 'Equipment NG_connector', 3),
(15, 'Equipment NG_torque driver', 3),
(16, 'safety briefing', 3),
(17, 'Not Production faulty', 3),
(18, 'Not report', 3),
(35, 'Lunch_break', 3);

-- --------------------------------------------------------

--
-- Table structure for table `type_qc_downtime`
--

CREATE TABLE `type_qc_downtime` (
  `id` int(11) NOT NULL,
  `qc_downtime` varchar(255) DEFAULT NULL,
  `department_id` int(7) DEFAULT NULL
) ENGINE=InnoDB DEFAULT CHARSET=utf8mb4;

--
-- Dumping data for table `type_qc_downtime`
--

INSERT INTO `type_qc_downtime` (`id`, `qc_downtime`, `department_id`) VALUES
(1, 'Part short supply_PCBA', 6),
(2, 'Part short supply_LENS', 6),
(3, 'Part short supply_Housing', 6),
(4, 'Part short supply_Screw PTHS', 6),
(5, 'Part short supply_Housing Gasket', 6),
(6, 'Part short supply_O ring', 6),
(7, 'Part short supply_Harness Assy', 6),
(8, 'Part short supply_Holder', 6),
(9, 'Part short supply_Glue', 6),
(10, 'Not PPC faulty', 6),
(11, 'Not report', 6);

-- --------------------------------------------------------

--
-- Table structure for table `type_role`
--

CREATE TABLE `type_role` (
  `id` int(11) NOT NULL,
  `role` varchar(25) NOT NULL
) ENGINE=InnoDB DEFAULT CHARSET=utf8mb4;

--
-- Dumping data for table `type_role`
--

INSERT INTO `type_role` (`id`, `role`) VALUES
(1, 'Enginner'),
(2, 'Technician'),
(3, 'Manager');

-- --------------------------------------------------------

--
-- Table structure for table `type_shift`
--

CREATE TABLE `type_shift` (
  `id` int(11) NOT NULL,
  `shift_name` varchar(20) NOT NULL
) ENGINE=InnoDB DEFAULT CHARSET=utf8mb4;

--
-- Dumping data for table `type_shift`
--

INSERT INTO `type_shift` (`id`, `shift_name`) VALUES
(1, 'Normal'),
(2, 'A'),
(3, 'B');

-- --------------------------------------------------------

--
-- Table structure for table `users`
--

CREATE TABLE `users` (
  `id` int(11) NOT NULL,
  `name` varchar(255) NOT NULL,
  `username` varchar(255) NOT NULL,
  `password` varchar(255) NOT NULL,
  `status` varchar(255) NOT NULL,
  `role_id` int(11) NOT NULL,
  `ic_number` varchar(255) NOT NULL
) ENGINE=InnoDB DEFAULT CHARSET=utf8mb4;

--
-- Dumping data for table `users`
--

INSERT INTO `users` (`id`, `name`, `username`, `password`, `status`, `role_id`, `ic_number`) VALUES
(1, 'Production', 'Production', '50726F64756374696F6E4031', 'Unblock', 3, 'Prod1'),
(2, 'Saharin', 'Saharin', '657374696D617773733333393323', 'Unblock', 3, '1234567'),
(3, 'EKS\nEE KUEN SHAN', 'EKS', '64656661756C74405044303239', 'Unblock', 1, '1234');

-- --------------------------------------------------------

--
-- Stand-in structure for view `v_actual_seq`
-- (See below for the actual view)
--
CREATE TABLE `v_actual_seq` (
`id` int(11)
,`date` date
,`shift_name` varchar(20)
,`part_no` varchar(255)
,`part_name` varchar(255)
,`qty_plan` varchar(20)
,`end_time_plan` time
,`start_time` datetime
,`end_time` datetime
,`actual_time` varchar(20)
,`qty_total` varchar(20)
,`gsph` varchar(20)
,`total_dt` varchar(20)
,`dies_change` varchar(20)
,`dies_change_dt` varchar(20)
,`no_production_dt` varchar(20)
,`production_dt` varchar(20)
);

-- --------------------------------------------------------

--
-- Stand-in structure for view `v_current_part`
-- (See below for the actual view)
--
CREATE TABLE `v_current_part` (
`id` int(11)
,`date` date
,`part_no` varchar(255)
,`part_name` varchar(255)
,`line` varchar(255)
,`model` varchar(255)
,`process` varchar(255)
,`cycle_time_sec` int(11)
,`qty_rework` varchar(25)
,`qty_scrap` varchar(25)
,`qty_ok` varchar(25)
,`gsph` varchar(25)
,`qty_total` varchar(25)
,`shift_name` varchar(20)
,`qty_plan` varchar(20)
,`start_time` time
,`max_speed` varchar(20)
,`actual_speed` varchar(20)
,`speed_loss` varchar(20)
,`target_gsph` varchar(25)
);

-- --------------------------------------------------------

--
-- Stand-in structure for view `v_current_realtime`
-- (See below for the actual view)
--
CREATE TABLE `v_current_realtime` (
`Id` int(11)
,`date` date
,`part_no_id` int(11)
,`shift_id` int(11)
,`max_speed` varchar(25)
,`actual_speed` varchar(25)
,`speed_loss` varchar(25)
,`operation_state` varchar(25)
,`downtime_state` varchar(25)
);

-- --------------------------------------------------------

--
-- Stand-in structure for view `v_daily_availability`
-- (See below for the actual view)
--
CREATE TABLE `v_daily_availability` (
`id` int(11)
,`date` date
,`time` time
,`shift_id` int(11)
,`part_no_id` int(11)
,`current_avai` varchar(25)
);

-- --------------------------------------------------------

--
-- Stand-in structure for view `v_daily_gsph`
-- (See below for the actual view)
--
CREATE TABLE `v_daily_gsph` (
`id` int(11)
,`date` date
,`time` time
,`shift_id` int(11)
,`part_no_id` int(11)
,`current_gsph` varchar(25)
);

-- --------------------------------------------------------

--
-- Stand-in structure for view `v_daily_oee`
-- (See below for the actual view)
--
CREATE TABLE `v_daily_oee` (
`id` int(11)
,`date` date
,`time` time
,`shift_id` int(11)
,`part_no_id` int(11)
,`current_oee` varchar(25)
);

-- --------------------------------------------------------

--
-- Stand-in structure for view `v_daily_plan_achievement`
-- (See below for the actual view)
--
CREATE TABLE `v_daily_plan_achievement` (
`id` int(11)
,`date` date
,`time` time
,`shift_id` int(11)
,`part_no_id` int(11)
,`current_achie` varchar(25)
);

-- --------------------------------------------------------

--
-- Stand-in structure for view `v_daily_speed`
-- (See below for the actual view)
--
CREATE TABLE `v_daily_speed` (
`id` int(11)
,`date` date
,`time` time
,`shift_id` int(11)
,`part_no_id` int(11)
,`current_speed` varchar(25)
);

-- --------------------------------------------------------

--
-- Stand-in structure for view `v_daily_utilization`
-- (See below for the actual view)
--
CREATE TABLE `v_daily_utilization` (
`id` int(11)
,`date` date
,`time` time
,`shift_id` int(11)
,`part_no_id` int(11)
,`current_uti` varchar(25)
);

-- --------------------------------------------------------

--
-- Stand-in structure for view `v_daily_yield`
-- (See below for the actual view)
--
CREATE TABLE `v_daily_yield` (
`id` int(11)
,`date` date
,`time` time
,`shift_id` int(11)
,`part_no_id` int(11)
,`current_yield` varchar(25)
);

-- --------------------------------------------------------

--
-- Stand-in structure for view `v_downtime_report`
-- (See below for the actual view)
--
CREATE TABLE `v_downtime_report` (
`date` date
,`shift_name` varchar(20)
,`part_no` varchar(255)
,`part_name` varchar(255)
,`start_time` time
,`downtime_period` varchar(20)
,`dies_change_downtime` varchar(100)
,`die_downtime` varchar(100)
,`machine_downtime_cause` varchar(255)
,`material_downtime` varchar(100)
,`production_downtime` varchar(255)
,`qc_downtime` varchar(255)
,`department_name` varchar(100)
);

-- --------------------------------------------------------

--
-- Stand-in structure for view `v_front_panel`
-- (See below for the actual view)
--
CREATE TABLE `v_front_panel` (
`date` date
,`shift_id` int(11)
,`part_no_id` int(11)
,`plan_production` decimal(44,6)
,`no_production` decimal(44,6)
,`dies_change` decimal(44,6)
,`production_dt` decimal(44,6)
,`dies_change_dt` decimal(44,6)
,`machine_dt` decimal(44,6)
,`dies_dt` decimal(44,6)
,`quality_dt` decimal(44,6)
,`material_dt` decimal(44,6)
,`qty_plan` varchar(20)
);

-- --------------------------------------------------------

--
-- Stand-in structure for view `v_realtime`
-- (See below for the actual view)
--
CREATE TABLE `v_realtime` (
`date` date
,`plan_production` double
,`no_production` double
,`dies_change` double
,`production_dt` double
,`dies_change_dt` double
,`machine_dt` double
,`dies_dt` double
,`quality_dt` double
,`material_dt` double
,`qty_plan` double
,`qty_total` double
,`qty_ok` double
,`qty_reject` double
,`good_footage` double
,`rejection_footage` double
,`total_dt` double
,`start_time` decimal(29,0)
,`qty_rework` double
,`qty_scrap` double
,`gsph` varchar(25)
,`max_speed` double
,`actual_speed` double
,`speed_loss` double
);

-- --------------------------------------------------------

--
-- Stand-in structure for view `v_rest_dt_report`
-- (See below for the actual view)
--
CREATE TABLE `v_rest_dt_report` (
`id` int(11)
,`date` date
,`part_no_id` int(7)
,`shift_id` int(7)
,`time` time
,`downtime_period` varchar(20)
,`problem_dies_change` varchar(11)
,`problem_die` varchar(11)
,`problem_machine` varchar(11)
,`problem_material` varchar(11)
,`problem_production` varchar(11)
,`problem_qc` varchar(11)
,`pic_id` int(7)
);

-- --------------------------------------------------------

--
-- Stand-in structure for view `v_rework`
-- (See below for the actual view)
--
CREATE TABLE `v_rework` (
`id` int(11)
,`date` date
,`shift_name` varchar(20)
,`part_no` varchar(255)
,`part_name` varchar(255)
,`pcb_program` varchar(50)
,`lens_inspection` varchar(50)
,`active_alignment` varchar(50)
,`program_center` varchar(50)
,`laser_welding` varchar(50)
,`assy_pcb` varchar(50)
,`glue` varchar(50)
,`manual_focus` varchar(50)
,`assy` varchar(50)
,`air_leak_tester` varchar(50)
,`initialize` varchar(50)
,`current` varchar(50)
,`center_point` varchar(50)
,`rotate` varchar(50)
,`color` varchar(50)
,`reverse` varchar(50)
,`eiaj` varchar(50)
,`angle` varchar(50)
,`stain` varchar(50)
,`particle` varchar(50)
,`defect_pixel` varchar(50)
,`brightness` varchar(50)
,`ir_filter` varchar(50)
,`finalize` varchar(50)
,`sum_rework` double
);

-- --------------------------------------------------------

--
-- Stand-in structure for view `v_scrap`
-- (See below for the actual view)
--
CREATE TABLE `v_scrap` (
`id` int(11)
,`date` date
,`shift_name` varchar(20)
,`part_no` varchar(255)
,`part_name` varchar(255)
,`lens_inspection` varchar(15)
,`pcb_program` varchar(15)
,`assy_pcb` varchar(15)
,`glue` varchar(15)
,`manual_focus` varchar(15)
,`active_alignment` varchar(15)
,`program_center` varchar(15)
,`assy` varchar(15)
,`laser_welding` varchar(15)
,`air_leak_tester` varchar(15)
,`initialize` varchar(15)
,`current` varchar(15)
,`center_point` varchar(15)
,`rotate` varchar(15)
,`color` varchar(15)
,`reverse` varchar(15)
,`eiaj` varchar(15)
,`angle` varchar(15)
,`stain` varchar(15)
,`particle` varchar(15)
,`defect_pixel` varchar(15)
,`brightness` varchar(15)
,`ir_filter` varchar(15)
,`finalize` varchar(15)
,`result` varchar(15)
,`sum_scrap` double
);

-- --------------------------------------------------------

--
-- Structure for view `v_actual_seq`
--
DROP TABLE IF EXISTS `v_actual_seq`;

CREATE ALGORITHM=UNDEFINED DEFINER=`root`@`localhost` SQL SECURITY DEFINER VIEW `v_actual_seq`  AS  select `actual_sequence`.`id` AS `id`,`actual_sequence`.`date` AS `date`,`type_shift`.`shift_name` AS `shift_name`,`type_part_list`.`part_no` AS `part_no`,`type_part_list`.`part_name` AS `part_name`,`actual_sequence`.`qty_plan` AS `qty_plan`,`actual_sequence`.`end_time_plan` AS `end_time_plan`,`actual_sequence`.`start_time` AS `start_time`,`actual_sequence`.`end_time` AS `end_time`,`actual_sequence`.`actual_time` AS `actual_time`,`actual_sequence`.`qty_total` AS `qty_total`,`actual_sequence`.`gsph` AS `gsph`,`actual_sequence`.`total_dt` AS `total_dt`,`actual_sequence`.`dies_change` AS `dies_change`,`actual_sequence`.`dies_change_dt` AS `dies_change_dt`,`actual_sequence`.`no_production_dt` AS `no_production_dt`,`actual_sequence`.`production_dt` AS `production_dt` from ((`actual_sequence` join `type_shift` on(`actual_sequence`.`shift_id` = `type_shift`.`id`)) join `type_part_list` on(`actual_sequence`.`part_no_id` = `type_part_list`.`id`)) order by `actual_sequence`.`id` ;

-- --------------------------------------------------------

--
-- Structure for view `v_current_part`
--
DROP TABLE IF EXISTS `v_current_part`;

CREATE ALGORITHM=UNDEFINED DEFINER=`root`@`localhost` SQL SECURITY DEFINER VIEW `v_current_part`  AS  select `real_time`.`id` AS `id`,`real_time`.`date` AS `date`,`type_part_list`.`part_no` AS `part_no`,`type_part_list`.`part_name` AS `part_name`,`type_part_list`.`line` AS `line`,`type_part_list`.`model` AS `model`,`type_part_list`.`process` AS `process`,`type_part_list`.`cycle_time_sec` AS `cycle_time_sec`,`real_time`.`qty_rework` AS `qty_rework`,`real_time`.`qty_scrap` AS `qty_scrap`,`real_time`.`qty_ok` AS `qty_ok`,`real_time`.`gsph` AS `gsph`,`real_time`.`qty_total` AS `qty_total`,`type_shift`.`shift_name` AS `shift_name`,`real_time`.`qty_plan` AS `qty_plan`,`real_time`.`start_time` AS `start_time`,`real_time`.`max_speed` AS `max_speed`,`real_time`.`actual_speed` AS `actual_speed`,`real_time`.`speed_loss` AS `speed_loss`,`type_part_list`.`target_gsph` AS `target_gsph` from ((`real_time` join `type_shift` on(`real_time`.`shift_id` = `type_shift`.`id`)) join `type_part_list` on(`real_time`.`part_no_id` = `type_part_list`.`id`)) order by `real_time`.`id` desc limit 1 ;

-- --------------------------------------------------------

--
-- Structure for view `v_current_realtime`
--
DROP TABLE IF EXISTS `v_current_realtime`;

CREATE ALGORITHM=UNDEFINED DEFINER=`root`@`localhost` SQL SECURITY DEFINER VIEW `v_current_realtime`  AS  select `fp_real_time`.`id` AS `Id`,`fp_real_time`.`date` AS `date`,`fp_real_time`.`part_no_id` AS `part_no_id`,`fp_real_time`.`shift_id` AS `shift_id`,`fp_real_time`.`max_speed` AS `max_speed`,`fp_real_time`.`actual_speed` AS `actual_speed`,`fp_real_time`.`speed_loss` AS `speed_loss`,`fp_real_time`.`operation_state` AS `operation_state`,`fp_real_time`.`downtime_state` AS `downtime_state` from `fp_real_time` ;

-- --------------------------------------------------------

--
-- Structure for view `v_daily_availability`
--
DROP TABLE IF EXISTS `v_daily_availability`;

CREATE ALGORITHM=UNDEFINED DEFINER=`root`@`localhost` SQL SECURITY DEFINER VIEW `v_daily_availability`  AS  select `performance`.`id` AS `id`,`performance`.`date` AS `date`,`performance`.`time` AS `time`,`performance`.`shift_id` AS `shift_id`,`performance`.`part_no_id` AS `part_no_id`,`performance`.`availability` AS `current_avai` from (`performance` join `fp_average` on(`performance`.`date` = `fp_average`.`date`)) ;

-- --------------------------------------------------------

--
-- Structure for view `v_daily_gsph`
--
DROP TABLE IF EXISTS `v_daily_gsph`;

CREATE ALGORITHM=UNDEFINED DEFINER=`root`@`localhost` SQL SECURITY DEFINER VIEW `v_daily_gsph`  AS  select `performance`.`id` AS `id`,`performance`.`date` AS `date`,`performance`.`time` AS `time`,`performance`.`shift_id` AS `shift_id`,`performance`.`part_no_id` AS `part_no_id`,`performance`.`gsph` AS `current_gsph` from (`performance` join `fp_average` on(`performance`.`date` = `fp_average`.`date`)) ;

-- --------------------------------------------------------

--
-- Structure for view `v_daily_oee`
--
DROP TABLE IF EXISTS `v_daily_oee`;

CREATE ALGORITHM=UNDEFINED DEFINER=`root`@`localhost` SQL SECURITY DEFINER VIEW `v_daily_oee`  AS  select `performance`.`id` AS `id`,`performance`.`date` AS `date`,`performance`.`time` AS `time`,`performance`.`shift_id` AS `shift_id`,`performance`.`part_no_id` AS `part_no_id`,`performance`.`oee` AS `current_oee` from (`performance` join `fp_average` on(`performance`.`date` = `fp_average`.`date`)) ;

-- --------------------------------------------------------

--
-- Structure for view `v_daily_plan_achievement`
--
DROP TABLE IF EXISTS `v_daily_plan_achievement`;

CREATE ALGORITHM=UNDEFINED DEFINER=`root`@`localhost` SQL SECURITY DEFINER VIEW `v_daily_plan_achievement`  AS  select `performance`.`id` AS `id`,`performance`.`date` AS `date`,`performance`.`time` AS `time`,`performance`.`shift_id` AS `shift_id`,`performance`.`part_no_id` AS `part_no_id`,`performance`.`achievement` AS `current_achie` from (`performance` join `fp_average` on(`performance`.`date` = `fp_average`.`date`)) ;

-- --------------------------------------------------------

--
-- Structure for view `v_daily_speed`
--
DROP TABLE IF EXISTS `v_daily_speed`;

CREATE ALGORITHM=UNDEFINED DEFINER=`root`@`localhost` SQL SECURITY DEFINER VIEW `v_daily_speed`  AS  select `performance`.`id` AS `id`,`performance`.`date` AS `date`,`performance`.`time` AS `time`,`performance`.`shift_id` AS `shift_id`,`performance`.`part_no_id` AS `part_no_id`,`performance`.`speed` AS `current_speed` from (`performance` join `fp_average` on(`performance`.`date` = `fp_average`.`date`)) ;

-- --------------------------------------------------------

--
-- Structure for view `v_daily_utilization`
--
DROP TABLE IF EXISTS `v_daily_utilization`;

CREATE ALGORITHM=UNDEFINED DEFINER=`root`@`localhost` SQL SECURITY DEFINER VIEW `v_daily_utilization`  AS  select `performance`.`id` AS `id`,`performance`.`date` AS `date`,`performance`.`time` AS `time`,`performance`.`shift_id` AS `shift_id`,`performance`.`part_no_id` AS `part_no_id`,`performance`.`utilization` AS `current_uti` from (`performance` join `fp_average` on(`performance`.`date` = `fp_average`.`date`)) ;

-- --------------------------------------------------------

--
-- Structure for view `v_daily_yield`
--
DROP TABLE IF EXISTS `v_daily_yield`;

CREATE ALGORITHM=UNDEFINED DEFINER=`root`@`localhost` SQL SECURITY DEFINER VIEW `v_daily_yield`  AS  select `performance`.`id` AS `id`,`performance`.`date` AS `date`,`performance`.`time` AS `time`,`performance`.`shift_id` AS `shift_id`,`performance`.`part_no_id` AS `part_no_id`,`performance`.`yield` AS `current_yield` from (`performance` join `fp_average` on(`performance`.`date` = `fp_average`.`date`)) ;

-- --------------------------------------------------------

--
-- Structure for view `v_downtime_report`
--
DROP TABLE IF EXISTS `v_downtime_report`;

CREATE ALGORITHM=UNDEFINED DEFINER=`root`@`localhost` SQL SECURITY DEFINER VIEW `v_downtime_report`  AS  select `downtime_report`.`date` AS `date`,ifnull(`type_shift`.`shift_name`,'-') AS `shift_name`,ifnull(`type_part_list`.`part_no`,'-') AS `part_no`,ifnull(`type_part_list`.`part_name`,'-') AS `part_name`,`downtime_report`.`time` AS `start_time`,`downtime_report`.`downtime_period` AS `downtime_period`,ifnull(`type_dies_change_downtime`.`dies_change_downtime`,'-') AS `dies_change_downtime`,ifnull(`type_die_downtime`.`die_downtime`,'-') AS `die_downtime`,ifnull(`type_machine_downtime`.`machine_downtime_cause`,'-') AS `machine_downtime_cause`,ifnull(`type_material_downtime`.`material_downtime`,'-') AS `material_downtime`,ifnull(`type_production_downtime`.`production_downtime`,'-') AS `production_downtime`,ifnull(`type_qc_downtime`.`qc_downtime`,'-') AS `qc_downtime`,ifnull(`type_department`.`department_name`,NULL) AS `department_name` from (((((((((`downtime_report` left join `type_part_list` on(`downtime_report`.`part_no_id` = `type_part_list`.`id`)) left join `type_shift` on(`downtime_report`.`shift_id` = `type_shift`.`id`)) left join `type_dies_change_downtime` on(`downtime_report`.`problem_dies_change` = `type_dies_change_downtime`.`id`)) left join `type_die_downtime` on(`downtime_report`.`problem_die` = `type_die_downtime`.`id`)) left join `type_machine_downtime` on(`downtime_report`.`problem_machine` = `type_machine_downtime`.`id`)) left join `type_material_downtime` on(`downtime_report`.`problem_material` = `type_material_downtime`.`id`)) left join `type_production_downtime` on(`downtime_report`.`problem_production` = `type_production_downtime`.`id`)) left join `type_qc_downtime` on(`downtime_report`.`problem_qc` = `type_qc_downtime`.`id`)) left join `type_department` on(`downtime_report`.`pic_id` = `type_department`.`id`)) ;

-- --------------------------------------------------------

--
-- Structure for view `v_front_panel`
--
DROP TABLE IF EXISTS `v_front_panel`;

CREATE ALGORITHM=UNDEFINED DEFINER=`root`@`localhost` SQL SECURITY DEFINER VIEW `v_front_panel`  AS  select `real_time`.`date` AS `date`,`real_time`.`shift_id` AS `shift_id`,`real_time`.`part_no_id` AS `part_no_id`,sum(time_to_sec(ifnull(`real_time`.`plan_production`,0))) AS `plan_production`,sum(time_to_sec(ifnull(`real_time`.`no_production`,0))) AS `no_production`,sum(time_to_sec(ifnull(`real_time`.`dies_change`,0))) AS `dies_change`,sum(time_to_sec(ifnull(`real_time`.`production_dt`,0))) AS `production_dt`,sum(time_to_sec(ifnull(`real_time`.`dies_change_dt`,0))) AS `dies_change_dt`,sum(time_to_sec(ifnull(`real_time`.`machine_dt`,0))) AS `machine_dt`,sum(time_to_sec(ifnull(`real_time`.`dies_dt`,0))) AS `dies_dt`,sum(time_to_sec(ifnull(`real_time`.`quality_dt`,0))) AS `quality_dt`,sum(time_to_sec(ifnull(`real_time`.`material_dt`,0))) AS `material_dt`,`real_time`.`qty_plan` AS `qty_plan` from (`real_time` join `fp_setting` on(`real_time`.`date` = `fp_setting`.`date` and `real_time`.`part_no_id` = `fp_setting`.`part_no_id` and `real_time`.`shift_id` = `fp_setting`.`shift_id`)) ;

-- --------------------------------------------------------

--
-- Structure for view `v_realtime`
--
DROP TABLE IF EXISTS `v_realtime`;

CREATE ALGORITHM=UNDEFINED DEFINER=`root`@`localhost` SQL SECURITY DEFINER VIEW `v_realtime`  AS  select `real_time`.`date` AS `date`,sum(`real_time`.`plan_production`) AS `plan_production`,sum(`real_time`.`no_production`) AS `no_production`,sum(`real_time`.`dies_change`) AS `dies_change`,sum(`real_time`.`production_dt`) AS `production_dt`,sum(`real_time`.`dies_change_dt`) AS `dies_change_dt`,sum(`real_time`.`machine_dt`) AS `machine_dt`,sum(`real_time`.`dies_dt`) AS `dies_dt`,sum(`real_time`.`quality_dt`) AS `quality_dt`,sum(`real_time`.`material_dt`) AS `material_dt`,sum(`real_time`.`qty_plan`) AS `qty_plan`,sum(`real_time`.`qty_total`) AS `qty_total`,sum(`real_time`.`qty_ok`) AS `qty_ok`,sum(`real_time`.`qty_reject`) AS `qty_reject`,sum(`real_time`.`good_footage`) AS `good_footage`,sum(`real_time`.`rejection_footage`) AS `rejection_footage`,sum(`real_time`.`total_dt`) AS `total_dt`,sum(`real_time`.`start_time`) AS `start_time`,sum(`real_time`.`qty_rework`) AS `qty_rework`,sum(`real_time`.`qty_scrap`) AS `qty_scrap`,max(`real_time`.`gsph`) AS `gsph`,sum(`real_time`.`max_speed`) AS `max_speed`,sum(`real_time`.`actual_speed`) AS `actual_speed`,sum(`real_time`.`speed_loss`) AS `speed_loss` from (`real_time` join `fp_real_time` on(`real_time`.`date` = `fp_real_time`.`date`)) ;

-- --------------------------------------------------------

--
-- Structure for view `v_rest_dt_report`
--
DROP TABLE IF EXISTS `v_rest_dt_report`;

CREATE ALGORITHM=UNDEFINED DEFINER=`root`@`localhost` SQL SECURITY DEFINER VIEW `v_rest_dt_report`  AS  select `downtime_report`.`id` AS `id`,`downtime_report`.`date` AS `date`,`downtime_report`.`part_no_id` AS `part_no_id`,`downtime_report`.`shift_id` AS `shift_id`,`downtime_report`.`time` AS `time`,`downtime_report`.`downtime_period` AS `downtime_period`,ifnull(`downtime_report`.`problem_dies_change`,'-') AS `problem_dies_change`,ifnull(`downtime_report`.`problem_die`,'-') AS `problem_die`,ifnull(`downtime_report`.`problem_machine`,'-') AS `problem_machine`,ifnull(`downtime_report`.`problem_material`,'-') AS `problem_material`,ifnull(`downtime_report`.`problem_production`,'-') AS `problem_production`,ifnull(`downtime_report`.`problem_qc`,'-') AS `problem_qc`,`downtime_report`.`pic_id` AS `pic_id` from `downtime_report` order by `downtime_report`.`id` ;

-- --------------------------------------------------------

--
-- Structure for view `v_rework`
--
DROP TABLE IF EXISTS `v_rework`;

CREATE ALGORITHM=UNDEFINED DEFINER=`root`@`localhost` SQL SECURITY DEFINER VIEW `v_rework`  AS  select `rework_report`.`id` AS `id`,`rework_report`.`date` AS `date`,ifnull(`type_shift`.`shift_name`,'-') AS `shift_name`,ifnull(`type_part_list`.`part_no`,NULL) AS `part_no`,ifnull(`type_part_list`.`part_name`,NULL) AS `part_name`,`rework_report`.`pcb_program` AS `pcb_program`,`rework_report`.`lens_inspection` AS `lens_inspection`,`rework_report`.`active_alignment` AS `active_alignment`,`rework_report`.`program_center` AS `program_center`,`rework_report`.`laser_welding` AS `laser_welding`,`rework_report`.`assy_pcb` AS `assy_pcb`,`rework_report`.`glue` AS `glue`,`rework_report`.`manual_focus` AS `manual_focus`,`rework_report`.`assy` AS `assy`,`rework_report`.`air_leak_tester` AS `air_leak_tester`,`rework_report`.`initialize` AS `initialize`,`rework_report`.`current` AS `current`,`rework_report`.`center_point` AS `center_point`,`rework_report`.`rotate` AS `rotate`,`rework_report`.`color` AS `color`,`rework_report`.`reverse` AS `reverse`,`rework_report`.`eiaj` AS `eiaj`,`rework_report`.`angle` AS `angle`,`rework_report`.`stain` AS `stain`,`rework_report`.`particle` AS `particle`,`rework_report`.`defect_pixel` AS `defect_pixel`,`rework_report`.`brightness` AS `brightness`,`rework_report`.`ir_filter` AS `ir_filter`,`rework_report`.`finalize` AS `finalize`,sum(`rework_report`.`pcb_program`) + sum(`rework_report`.`lens_inspection`) + sum(`rework_report`.`active_alignment`) + sum(`rework_report`.`program_center`) + sum(`rework_report`.`laser_welding`) + sum(`rework_report`.`assy_pcb`) + sum(`rework_report`.`glue`) + sum(`rework_report`.`manual_focus`) + sum(`rework_report`.`assy`) + sum(`rework_report`.`air_leak_tester`) + sum(`rework_report`.`initialize`) + sum(`rework_report`.`current`) + sum(`rework_report`.`center_point`) + sum(`rework_report`.`rotate`) + sum(`rework_report`.`color`) + sum(`rework_report`.`reverse`) + sum(`rework_report`.`eiaj`) + sum(`rework_report`.`angle`) + sum(`rework_report`.`stain`) + sum(`rework_report`.`particle`) + sum(`rework_report`.`defect_pixel`) + sum(`rework_report`.`brightness`) + sum(`rework_report`.`ir_filter`) + sum(`rework_report`.`finalize`) AS `sum_rework` from ((`rework_report` join `type_part_list` on(`rework_report`.`part_no_id` = `type_part_list`.`id`)) join `type_shift` on(`rework_report`.`shift_id` = `type_shift`.`id`)) group by `rework_report`.`id` ;

-- --------------------------------------------------------

--
-- Structure for view `v_scrap`
--
DROP TABLE IF EXISTS `v_scrap`;

CREATE ALGORITHM=UNDEFINED DEFINER=`root`@`localhost` SQL SECURITY DEFINER VIEW `v_scrap`  AS  select `scrap_report`.`id` AS `id`,`scrap_report`.`date` AS `date`,ifnull(`type_shift`.`shift_name`,'-') AS `shift_name`,ifnull(`type_part_list`.`part_no`,NULL) AS `part_no`,ifnull(`type_part_list`.`part_name`,NULL) AS `part_name`,`scrap_report`.`lens_inspection` AS `lens_inspection`,`scrap_report`.`pcb_program` AS `pcb_program`,`scrap_report`.`assy_pcb` AS `assy_pcb`,`scrap_report`.`glue` AS `glue`,`scrap_report`.`manual_focus` AS `manual_focus`,`scrap_report`.`active_alignment` AS `active_alignment`,`scrap_report`.`program_center` AS `program_center`,`scrap_report`.`assy` AS `assy`,`scrap_report`.`laser_welding` AS `laser_welding`,`scrap_report`.`air_leak_tester` AS `air_leak_tester`,`scrap_report`.`initialize` AS `initialize`,`scrap_report`.`current` AS `current`,`scrap_report`.`center_point` AS `center_point`,`scrap_report`.`rotate` AS `rotate`,`scrap_report`.`color` AS `color`,`scrap_report`.`reverse` AS `reverse`,`scrap_report`.`eiaj` AS `eiaj`,`scrap_report`.`angle` AS `angle`,`scrap_report`.`stain` AS `stain`,`scrap_report`.`particle` AS `particle`,`scrap_report`.`defect_pixel` AS `defect_pixel`,`scrap_report`.`brightness` AS `brightness`,`scrap_report`.`ir_filter` AS `ir_filter`,`scrap_report`.`finalize` AS `finalize`,`scrap_report`.`result` AS `result`,sum(`scrap_report`.`pcb_program`) + sum(`scrap_report`.`lens_inspection`) + sum(`scrap_report`.`active_alignment`) + sum(`scrap_report`.`program_center`) + sum(`scrap_report`.`laser_welding`) + sum(`scrap_report`.`assy_pcb`) + sum(`scrap_report`.`glue`) + sum(`scrap_report`.`manual_focus`) + sum(`scrap_report`.`assy`) + sum(`scrap_report`.`air_leak_tester`) + sum(`scrap_report`.`result`) AS `sum_scrap` from ((`scrap_report` join `type_part_list` on(`scrap_report`.`part_no_id` = `type_part_list`.`id`)) join `type_shift` on(`scrap_report`.`shift_id` = `type_shift`.`id`)) group by `scrap_report`.`id` ;

--
-- Indexes for dumped tables
--

--
-- Indexes for table `actual_sequence`
--
ALTER TABLE `actual_sequence`
  ADD PRIMARY KEY (`id`),
  ADD KEY `part_no_id` (`part_no_id`),
  ADD KEY `shift_id` (`shift_id`);

--
-- Indexes for table `daily_availability`
--
ALTER TABLE `daily_availability`
  ADD PRIMARY KEY (`id`);

--
-- Indexes for table `daily_gsph`
--
ALTER TABLE `daily_gsph`
  ADD PRIMARY KEY (`id`);

--
-- Indexes for table `daily_oee`
--
ALTER TABLE `daily_oee`
  ADD PRIMARY KEY (`id`);

--
-- Indexes for table `daily_plan_achievement`
--
ALTER TABLE `daily_plan_achievement`
  ADD PRIMARY KEY (`id`);

--
-- Indexes for table `daily_speed`
--
ALTER TABLE `daily_speed`
  ADD PRIMARY KEY (`id`);

--
-- Indexes for table `daily_utilization`
--
ALTER TABLE `daily_utilization`
  ADD PRIMARY KEY (`id`);

--
-- Indexes for table `daily_yield`
--
ALTER TABLE `daily_yield`
  ADD PRIMARY KEY (`id`);

--
-- Indexes for table `downtime_report`
--
ALTER TABLE `downtime_report`
  ADD PRIMARY KEY (`id`),
  ADD KEY `shift_id` (`shift_id`),
  ADD KEY `problem_dies_change` (`problem_dies_change`),
  ADD KEY `problem_machine` (`problem_machine`),
  ADD KEY `problem_material` (`problem_material`),
  ADD KEY `problem_production` (`problem_production`),
  ADD KEY `problem_qc` (`problem_qc`),
  ADD KEY `pic_id` (`pic_id`),
  ADD KEY `part_no_id` (`part_no_id`) USING BTREE,
  ADD KEY `problem_die` (`problem_die`) USING BTREE;

--
-- Indexes for table `fp_average`
--
ALTER TABLE `fp_average`
  ADD PRIMARY KEY (`id`);

--
-- Indexes for table `fp_dt_daily`
--
ALTER TABLE `fp_dt_daily`
  ADD PRIMARY KEY (`id`);

--
-- Indexes for table `fp_real_time`
--
ALTER TABLE `fp_real_time`
  ADD KEY `part_no_id` (`part_no_id`),
  ADD KEY `shift_id` (`shift_id`);

--
-- Indexes for table `fp_setting`
--
ALTER TABLE `fp_setting`
  ADD PRIMARY KEY (`id`);

--
-- Indexes for table `machine_info`
--
ALTER TABLE `machine_info`
  ADD PRIMARY KEY (`id`);

--
-- Indexes for table `performance`
--
ALTER TABLE `performance`
  ADD PRIMARY KEY (`id`),
  ADD KEY `shift_id` (`shift_id`),
  ADD KEY `part_no_id` (`part_no_id`);

--
-- Indexes for table `realtime_average`
--
ALTER TABLE `realtime_average`
  ADD PRIMARY KEY (`id`),
  ADD KEY `shift_id` (`shift_id`);

--
-- Indexes for table `real_time`
--
ALTER TABLE `real_time`
  ADD PRIMARY KEY (`id`),
  ADD KEY `part_no_id` (`part_no_id`),
  ADD KEY `shift_id` (`shift_id`);

--
-- Indexes for table `rework_report`
--
ALTER TABLE `rework_report`
  ADD PRIMARY KEY (`id`),
  ADD KEY `shift_id` (`shift_id`),
  ADD KEY `part_no_id` (`part_no_id`);

--
-- Indexes for table `scrap_report`
--
ALTER TABLE `scrap_report`
  ADD PRIMARY KEY (`id`),
  ADD KEY `shift_id` (`shift_id`),
  ADD KEY `part_no_id` (`part_no_id`);

--
-- Indexes for table `type_defect`
--
ALTER TABLE `type_defect`
  ADD PRIMARY KEY (`id`);

--
-- Indexes for table `type_department`
--
ALTER TABLE `type_department`
  ADD PRIMARY KEY (`id`);

--
-- Indexes for table `type_dies_change_downtime`
--
ALTER TABLE `type_dies_change_downtime`
  ADD PRIMARY KEY (`id`),
  ADD KEY `department_id` (`department_id`);

--
-- Indexes for table `type_die_downtime`
--
ALTER TABLE `type_die_downtime`
  ADD PRIMARY KEY (`id`),
  ADD KEY `department_id` (`department_id`);

--
-- Indexes for table `type_machine_downtime`
--
ALTER TABLE `type_machine_downtime`
  ADD PRIMARY KEY (`id`),
  ADD KEY `department_id` (`department_id`);

--
-- Indexes for table `type_material_downtime`
--
ALTER TABLE `type_material_downtime`
  ADD PRIMARY KEY (`id`),
  ADD KEY `department_id` (`department_id`);

--
-- Indexes for table `type_part_list`
--
ALTER TABLE `type_part_list`
  ADD PRIMARY KEY (`id`);

--
-- Indexes for table `type_pattern`
--
ALTER TABLE `type_pattern`
  ADD PRIMARY KEY (`id`);

--
-- Indexes for table `type_production_downtime`
--
ALTER TABLE `type_production_downtime`
  ADD PRIMARY KEY (`id`),
  ADD KEY `department_id` (`department_id`);

--
-- Indexes for table `type_qc_downtime`
--
ALTER TABLE `type_qc_downtime`
  ADD PRIMARY KEY (`id`),
  ADD KEY `department_id` (`department_id`);

--
-- Indexes for table `type_role`
--
ALTER TABLE `type_role`
  ADD PRIMARY KEY (`id`);

--
-- Indexes for table `type_shift`
--
ALTER TABLE `type_shift`
  ADD PRIMARY KEY (`id`);

--
-- Indexes for table `users`
--
ALTER TABLE `users`
  ADD PRIMARY KEY (`id`),
  ADD KEY `role_id` (`role_id`) USING BTREE;

--
-- AUTO_INCREMENT for dumped tables
--

--
-- AUTO_INCREMENT for table `actual_sequence`
--
ALTER TABLE `actual_sequence`
  MODIFY `id` int(11) NOT NULL AUTO_INCREMENT, AUTO_INCREMENT=80;

--
-- AUTO_INCREMENT for table `daily_availability`
--
ALTER TABLE `daily_availability`
  MODIFY `id` int(11) NOT NULL AUTO_INCREMENT, AUTO_INCREMENT=79;

--
-- AUTO_INCREMENT for table `daily_gsph`
--
ALTER TABLE `daily_gsph`
  MODIFY `id` int(11) NOT NULL AUTO_INCREMENT, AUTO_INCREMENT=79;

--
-- AUTO_INCREMENT for table `daily_oee`
--
ALTER TABLE `daily_oee`
  MODIFY `id` int(11) NOT NULL AUTO_INCREMENT, AUTO_INCREMENT=79;

--
-- AUTO_INCREMENT for table `daily_plan_achievement`
--
ALTER TABLE `daily_plan_achievement`
  MODIFY `id` int(11) NOT NULL AUTO_INCREMENT, AUTO_INCREMENT=79;

--
-- AUTO_INCREMENT for table `daily_speed`
--
ALTER TABLE `daily_speed`
  MODIFY `id` int(11) NOT NULL AUTO_INCREMENT, AUTO_INCREMENT=79;

--
-- AUTO_INCREMENT for table `daily_utilization`
--
ALTER TABLE `daily_utilization`
  MODIFY `id` int(11) NOT NULL AUTO_INCREMENT, AUTO_INCREMENT=79;

--
-- AUTO_INCREMENT for table `daily_yield`
--
ALTER TABLE `daily_yield`
  MODIFY `id` int(11) NOT NULL AUTO_INCREMENT, AUTO_INCREMENT=79;

--
-- AUTO_INCREMENT for table `downtime_report`
--
ALTER TABLE `downtime_report`
  MODIFY `id` int(11) NOT NULL AUTO_INCREMENT, AUTO_INCREMENT=94;

--
-- AUTO_INCREMENT for table `fp_average`
--
ALTER TABLE `fp_average`
  MODIFY `id` int(11) NOT NULL AUTO_INCREMENT;

--
-- AUTO_INCREMENT for table `fp_dt_daily`
--
ALTER TABLE `fp_dt_daily`
  MODIFY `id` int(11) NOT NULL AUTO_INCREMENT;

--
-- AUTO_INCREMENT for table `fp_setting`
--
ALTER TABLE `fp_setting`
  MODIFY `id` int(11) NOT NULL AUTO_INCREMENT, AUTO_INCREMENT=2;

--
-- AUTO_INCREMENT for table `machine_info`
--
ALTER TABLE `machine_info`
  MODIFY `id` int(11) NOT NULL AUTO_INCREMENT;

--
-- AUTO_INCREMENT for table `performance`
--
ALTER TABLE `performance`
  MODIFY `id` int(11) NOT NULL AUTO_INCREMENT, AUTO_INCREMENT=55;

--
-- AUTO_INCREMENT for table `realtime_average`
--
ALTER TABLE `realtime_average`
  MODIFY `id` int(11) NOT NULL AUTO_INCREMENT, AUTO_INCREMENT=79;

--
-- AUTO_INCREMENT for table `real_time`
--
ALTER TABLE `real_time`
  MODIFY `id` int(11) NOT NULL AUTO_INCREMENT, AUTO_INCREMENT=81;

--
-- AUTO_INCREMENT for table `rework_report`
--
ALTER TABLE `rework_report`
  MODIFY `id` int(11) NOT NULL AUTO_INCREMENT;

--
-- AUTO_INCREMENT for table `scrap_report`
--
ALTER TABLE `scrap_report`
  MODIFY `id` int(11) NOT NULL AUTO_INCREMENT, AUTO_INCREMENT=55;

--
-- AUTO_INCREMENT for table `type_defect`
--
ALTER TABLE `type_defect`
  MODIFY `id` int(11) NOT NULL AUTO_INCREMENT, AUTO_INCREMENT=25;

--
-- AUTO_INCREMENT for table `type_department`
--
ALTER TABLE `type_department`
  MODIFY `id` int(7) NOT NULL AUTO_INCREMENT, AUTO_INCREMENT=7;

--
-- AUTO_INCREMENT for table `type_dies_change_downtime`
--
ALTER TABLE `type_dies_change_downtime`
  MODIFY `id` int(11) NOT NULL AUTO_INCREMENT, AUTO_INCREMENT=7;

--
-- AUTO_INCREMENT for table `type_die_downtime`
--
ALTER TABLE `type_die_downtime`
  MODIFY `id` int(11) NOT NULL AUTO_INCREMENT, AUTO_INCREMENT=22;

--
-- AUTO_INCREMENT for table `type_machine_downtime`
--
ALTER TABLE `type_machine_downtime`
  MODIFY `id` int(11) NOT NULL AUTO_INCREMENT, AUTO_INCREMENT=61;

--
-- AUTO_INCREMENT for table `type_material_downtime`
--
ALTER TABLE `type_material_downtime`
  MODIFY `id` int(11) NOT NULL AUTO_INCREMENT, AUTO_INCREMENT=12;

--
-- AUTO_INCREMENT for table `type_part_list`
--
ALTER TABLE `type_part_list`
  MODIFY `id` int(11) NOT NULL AUTO_INCREMENT, AUTO_INCREMENT=8;

--
-- AUTO_INCREMENT for table `type_pattern`
--
ALTER TABLE `type_pattern`
  MODIFY `id` int(11) NOT NULL AUTO_INCREMENT, AUTO_INCREMENT=6;

--
-- AUTO_INCREMENT for table `type_production_downtime`
--
ALTER TABLE `type_production_downtime`
  MODIFY `id` int(11) NOT NULL AUTO_INCREMENT, AUTO_INCREMENT=36;

--
-- AUTO_INCREMENT for table `type_qc_downtime`
--
ALTER TABLE `type_qc_downtime`
  MODIFY `id` int(11) NOT NULL AUTO_INCREMENT, AUTO_INCREMENT=12;

--
-- AUTO_INCREMENT for table `type_role`
--
ALTER TABLE `type_role`
  MODIFY `id` int(11) NOT NULL AUTO_INCREMENT, AUTO_INCREMENT=4;

--
-- AUTO_INCREMENT for table `type_shift`
--
ALTER TABLE `type_shift`
  MODIFY `id` int(11) NOT NULL AUTO_INCREMENT, AUTO_INCREMENT=4;

--
-- AUTO_INCREMENT for table `users`
--
ALTER TABLE `users`
  MODIFY `id` int(11) NOT NULL AUTO_INCREMENT, AUTO_INCREMENT=4;

--
-- Constraints for dumped tables
--

--
-- Constraints for table `actual_sequence`
--
ALTER TABLE `actual_sequence`
  ADD CONSTRAINT `actual_sequence_ibfk_2` FOREIGN KEY (`part_no_id`) REFERENCES `type_part_list` (`id`),
  ADD CONSTRAINT `actual_sequence_ibfk_3` FOREIGN KEY (`shift_id`) REFERENCES `type_shift` (`id`);

--
-- Constraints for table `downtime_report`
--
ALTER TABLE `downtime_report`
  ADD CONSTRAINT `downtime_report_ibfk_1` FOREIGN KEY (`part_no_id`) REFERENCES `type_part_list` (`id`),
  ADD CONSTRAINT `downtime_report_ibfk_2` FOREIGN KEY (`pic_id`) REFERENCES `type_department` (`id`),
  ADD CONSTRAINT `downtime_report_ibfk_3` FOREIGN KEY (`shift_id`) REFERENCES `type_shift` (`id`),
  ADD CONSTRAINT `downtime_report_ibfk_4` FOREIGN KEY (`problem_dies_change`) REFERENCES `type_dies_change_downtime` (`id`),
  ADD CONSTRAINT `downtime_report_ibfk_5` FOREIGN KEY (`problem_die`) REFERENCES `type_die_downtime` (`id`),
  ADD CONSTRAINT `downtime_report_ibfk_6` FOREIGN KEY (`problem_machine`) REFERENCES `type_machine_downtime` (`id`),
  ADD CONSTRAINT `downtime_report_ibfk_7` FOREIGN KEY (`problem_material`) REFERENCES `type_material_downtime` (`id`),
  ADD CONSTRAINT `downtime_report_ibfk_8` FOREIGN KEY (`problem_production`) REFERENCES `type_production_downtime` (`id`),
  ADD CONSTRAINT `downtime_report_ibfk_9` FOREIGN KEY (`problem_qc`) REFERENCES `type_qc_downtime` (`id`);

--
-- Constraints for table `fp_real_time`
--
ALTER TABLE `fp_real_time`
  ADD CONSTRAINT `fp_real_time_ibfk_1` FOREIGN KEY (`part_no_id`) REFERENCES `type_part_list` (`id`),
  ADD CONSTRAINT `fp_real_time_ibfk_2` FOREIGN KEY (`shift_id`) REFERENCES `type_shift` (`id`);

--
-- Constraints for table `performance`
--
ALTER TABLE `performance`
  ADD CONSTRAINT `performance_ibfk_1` FOREIGN KEY (`shift_id`) REFERENCES `type_shift` (`id`),
  ADD CONSTRAINT `performance_ibfk_2` FOREIGN KEY (`part_no_id`) REFERENCES `type_part_list` (`id`);

--
-- Constraints for table `realtime_average`
--
ALTER TABLE `realtime_average`
  ADD CONSTRAINT `realtime_average_ibfk_1` FOREIGN KEY (`shift_id`) REFERENCES `type_shift` (`id`);

--
-- Constraints for table `real_time`
--
ALTER TABLE `real_time`
  ADD CONSTRAINT `real_time_ibfk_1` FOREIGN KEY (`part_no_id`) REFERENCES `type_part_list` (`id`),
  ADD CONSTRAINT `real_time_ibfk_2` FOREIGN KEY (`shift_id`) REFERENCES `type_shift` (`id`);

--
-- Constraints for table `rework_report`
--
ALTER TABLE `rework_report`
  ADD CONSTRAINT `rework_report_ibfk_1` FOREIGN KEY (`part_no_id`) REFERENCES `type_part_list` (`id`),
  ADD CONSTRAINT `rework_report_ibfk_2` FOREIGN KEY (`shift_id`) REFERENCES `type_shift` (`id`);

--
-- Constraints for table `scrap_report`
--
ALTER TABLE `scrap_report`
  ADD CONSTRAINT `scrap_report_ibfk_1` FOREIGN KEY (`part_no_id`) REFERENCES `type_part_list` (`id`),
  ADD CONSTRAINT `scrap_report_ibfk_2` FOREIGN KEY (`shift_id`) REFERENCES `type_shift` (`id`);

--
-- Constraints for table `type_dies_change_downtime`
--
ALTER TABLE `type_dies_change_downtime`
  ADD CONSTRAINT `type_dies_change_downtime_ibfk_1` FOREIGN KEY (`department_id`) REFERENCES `type_department` (`id`);

--
-- Constraints for table `type_die_downtime`
--
ALTER TABLE `type_die_downtime`
  ADD CONSTRAINT `type_die_downtime_ibfk_1` FOREIGN KEY (`department_id`) REFERENCES `type_department` (`id`);

--
-- Constraints for table `type_machine_downtime`
--
ALTER TABLE `type_machine_downtime`
  ADD CONSTRAINT `type_machine_downtime_ibfk_1` FOREIGN KEY (`department_id`) REFERENCES `type_department` (`id`);

--
-- Constraints for table `type_material_downtime`
--
ALTER TABLE `type_material_downtime`
  ADD CONSTRAINT `type_material_downtime_ibfk_1` FOREIGN KEY (`department_id`) REFERENCES `type_department` (`id`);

--
-- Constraints for table `type_production_downtime`
--
ALTER TABLE `type_production_downtime`
  ADD CONSTRAINT `type_production_downtime_ibfk_1` FOREIGN KEY (`department_id`) REFERENCES `type_department` (`id`);

--
-- Constraints for table `type_qc_downtime`
--
ALTER TABLE `type_qc_downtime`
  ADD CONSTRAINT `type_qc_downtime_ibfk_1` FOREIGN KEY (`department_id`) REFERENCES `type_department` (`id`);

--
-- Constraints for table `users`
--
ALTER TABLE `users`
  ADD CONSTRAINT `users_ibfk_1` FOREIGN KEY (`role_id`) REFERENCES `type_role` (`id`);
COMMIT;

/*!40101 SET CHARACTER_SET_CLIENT=@OLD_CHARACTER_SET_CLIENT */;
/*!40101 SET CHARACTER_SET_RESULTS=@OLD_CHARACTER_SET_RESULTS */;
/*!40101 SET COLLATION_CONNECTION=@OLD_COLLATION_CONNECTION */;
